6643,DELLE FORZE ARMATE (VIA),44,,1510371.109,5034433.112,SALUTE,STUDI E ATTIVITA' PROFESSIONALI,FARMACIE COMUNALI,SERVIZI PUBBLICI ESISTENTI,0,COMUNALE N.25,IN ESERCIZIO,COMUNE,PUBBLICA,25
6111,WASHINGTON GIORGIO (VIA),74,,1512107.919,5034024.972,SALUTE,STUDI E ATTIVITA' PROFESSIONALI,FARMACIE COMUNALI,SERVIZI PUBBLICI ESISTENTI,0,COMUNALE N.75,IN ESERCIZIO,COMUNE,PUBBLICA,75
6236,VETTA D'ITALIA (VIA),18,,1512336.449,5034151.822,SALUTE,STUDI E ATTIVITA' PROFESSIONALI,FARMACIE COMUNALI,SERVIZI PUBBLICI ESISTENTI,0,COMUNALE N.37,IN ESERCIZIO,COMUNE,PUBBLICA,37
6276,DE ANGELI ERNESTO (PZA),1,,1511807.739,5034752.712,SALUTE,STUDI E ATTIVITA' PROFESSIONALI,FARMACIE COMUNALI,SERVIZI PUBBLICI ESISTENTI,0,COMUNALE N.68,IN ESERCIZIO,COMUNE,PUBBLICA,68
6733,F.LLI ZANZOTTERA (VIA),12,,1505752.364,5037742.926,SALUTE,STUDI E ATTIVITA' PROFESSIONALI,FARMACIE COMUNALI,SERVIZI PUBBLICI ESISTENTI,0,COMUNALE N.49,IN ESERCIZIO,COMUNE,PUBBLICA,49
6332,MONTI GIOSIA (PZA),9,,1506944.724,5035928.681,SALUTE,STUDI E ATTIVITA' PROFESSIONALI,FARMACIE COMUNALI,SERVIZI PUBBLICI ESISTENTI,0,COMUNALE N.6,IN ESERCIZIO,COMUNE,PUBBLICA,6
6585,BAGAROTTI MAFFEO (VIA),40,,1507163.269,5033668.832,SALUTE,STUDI E ATTIVITA' PROFESSIONALI,FARMACIE COMUNALI,SERVIZI PUBBLICI ESISTENTI,0,COMUNALE N.5,IN ESERCIZIO,COMUNE,PUBBLICA,5
6786,GARIBALDI ANITA (PZA),8,,1506862.209,5034462.272,SALUTE,STUDI E ATTIVITA' PROFESSIONALI,FARMACIE COMUNALI,SERVIZI PUBBLICI ESISTENTI,0,COMUNALE N.39,IN ESERCIZIO,COMUNE,PUBBLICA,39
6473,NIKOLAJEVKA (VIA),3,,1508322.179,5033913.222,SALUTE,STUDI E ATTIVITA' PROFESSIONALI,FARMACIE COMUNALI,SERVIZI PUBBLICI ESISTENTI,0,COMUNALE N.36,IN ESERCIZIO,COMUNE,PUBBLICA,36
6643,DELLE FORZE ARMATE (VIA),328,,1507683.809,5034103.362,SALUTE,STUDI E ATTIVITA' PROFESSIONALI,FARMACIE COMUNALI,SERVIZI PUBBLICI ESISTENTI,0,COMUNALE N.7,IN ESERCIZIO,COMUNE,PUBBLICA,7
6828,DELLE BETULLE (VIA),36,,1506213.394,5033418.597,SALUTE,STUDI E ATTIVITA' PROFESSIONALI,FARMACIE COMUNALI,SERVIZI PUBBLICI ESISTENTI,0,COMUNALE N.45,IN ESERCIZIO,COMUNE,PUBBLICA,45
6568,MORGANTINI MARIO (VIA),14,,1510504.509,5035205.911,SALUTE,STUDI E ATTIVITA' PROFESSIONALI,FARMACIE COMUNALI,SERVIZI PUBBLICI ESISTENTI,0,COMUNALE N.24,IN ESERCIZIO,COMUNE,PUBBLICA,24
6558,MONTE FALTERONA (PZA),3,,1510980.679,5035596.511,SALUTE,STUDI E ATTIVITA' PROFESSIONALI,FARMACIE COMUNALI,SERVIZI PUBBLICI ESISTENTI,0,COMUNALE N.74,IN ESERCIZIO,COMUNE,PUBBLICA,74
6515,AXUM (PZA),5,,1509640.574,5035853.881,SALUTE,STUDI E ATTIVITA' PROFESSIONALI,FARMACIE COMUNALI,SERVIZI PUBBLICI ESISTENTI,0,COMUNALE N.20,IN ESERCIZIO,COMUNE,PUBBLICA,20
6595,VELASQUEZ DIEGO (PLE),7,,1511020.189,5034947.982,SALUTE,STUDI E ATTIVITA' PROFESSIONALI,FARMACIE COMUNALI,SERVIZI PUBBLICI ESISTENTI,0,COMUNALE N.52,IN ESERCIZIO,COMUNE,PUBBLICA,52
6537,F.LLI ZAVATTARI (PLE),4,,1511257.719,5035830.181,SALUTE,STUDI E ATTIVITA' PROFESSIONALI,FARMACIE COMUNALI,SERVIZI PUBBLICI ESISTENTI,0,COMUNALE N.80,IN ESERCIZIO,COMUNE,PUBBLICA,80
1659,ANGELONI LUIGI (VIA),20,,1513716.879,5041534.411,SALUTE,STUDI E ATTIVITA' PROFESSIONALI,FARMACIE COMUNALI,SERVIZI PUBBLICI ESISTENTI,0,COMUNALE N.33,IN ESERCIZIO,COMUNE,PUBBLICA,33
1296,LIVIGNO (VIA),6,,1514012.359,5038366.801,SALUTE,STUDI E ATTIVITA' PROFESSIONALI,FARMACIE COMUNALI,SERVIZI PUBBLICI ESISTENTI,0,COMUNALE N.11,IN ESERCIZIO,COMUNE,PUBBLICA,11
1311,IMBONATI CARLO (VIA),61,,1514141.749,5038921.021,SALUTE,STUDI E ATTIVITA' PROFESSIONALI,FARMACIE COMUNALI,SERVIZI PUBBLICI ESISTENTI,0,COMUNALE N.55,IN ESERCIZIO,COMUNE,PUBBLICA,55
1558,ASTESANI ALESSANDRO (VIA),43,,1513257.364,5040746.831,SALUTE,STUDI E ATTIVITA' PROFESSIONALI,FARMACIE COMUNALI,SERVIZI PUBBLICI ESISTENTI,0,COMUNALE N.21,IN ESERCIZIO,COMUNE,PUBBLICA,21
1316,MURAT GIOACCHINO (VIA),5,,1514996.899,5038208.821,SALUTE,STUDI E ATTIVITA' PROFESSIONALI,FARMACIE COMUNALI,SERVIZI PUBBLICI ESISTENTI,0,COMUNALE N.63,IN ESERCIZIO,COMUNE,PUBBLICA,63
1098,VAL MAIRA (VIA),14,,1515368.918,5039530.711,SALUTE,STUDI E ATTIVITA' PROFESSIONALI,FARMACIE COMUNALI,SERVIZI PUBBLICI ESISTENTI,0,COMUNALE N.8,IN ESERCIZIO,COMUNE,PUBBLICA,8
1446,SUZZANI GIOVANNI (VLE),239,,1516157.798,5041019.606,SALUTE,STUDI E ATTIVITA' PROFESSIONALI,FARMACIE COMUNALI,SERVIZI PUBBLICI ESISTENTI,0,COMUNALE N.41,IN ESERCIZIO,COMUNE,PUBBLICA,41
1446,SUZZANI GIOVANNI (VLE),155,,1515880.288,5040333.551,SALUTE,STUDI E ATTIVITA' PROFESSIONALI,FARMACIE COMUNALI,SERVIZI PUBBLICI ESISTENTI,0,COMUNALE N.16,IN ESERCIZIO,COMUNE,PUBBLICA,16
1600,PALANZONE (VIA),33,,1515049.318,5040604.241,SALUTE,STUDI E ATTIVITA' PROFESSIONALI,FARMACIE COMUNALI,SERVIZI PUBBLICI ESISTENTI,0,COMUNALE N.10,IN ESERCIZIO,COMUNE,PUBBLICA,10
2229,PORPORA NICOLA ANTONIO (VIA),169,,1518245.328,5037015.361,SALUTE,STUDI E ATTIVITA' PROFESSIONALI,FARMACIE COMUNALI,SERVIZI PUBBLICI ESISTENTI,0,COMUNALE N.77,IN ESERCIZIO,COMUNE,PUBBLICA,77
2655,RONCHI (VIA),31,,1518538.778,5037300.031,SALUTE,STUDI E ATTIVITA' PROFESSIONALI,FARMACIE COMUNALI,SERVIZI PUBBLICI ESISTENTI,0,COMUNALE N.69,IN ESERCIZIO,COMUNE,PUBBLICA,69
2428,AMPERE ANDREA MARIA (VIA),87,,1517707.608,5036974.231,SALUTE,STUDI E ATTIVITA' PROFESSIONALI,FARMACIE COMUNALI,SERVIZI PUBBLICI ESISTENTI,0,COMUNALE N.50,IN ESERCIZIO,COMUNE,PUBBLICA,50
2690,CIMA CAMILLO E OTTO (VIA),7,,1519279.388,5035428.891,SALUTE,STUDI E ATTIVITA' PROFESSIONALI,FARMACIE COMUNALI,SERVIZI PUBBLICI ESISTENTI,0,COMUNALE N.22,IN ESERCIZIO,COMUNE,PUBBLICA,22
2177,ABRUZZI (VLE),4,,1517031.998,5035665.101,SALUTE,STUDI E ATTIVITA' PROFESSIONALI,FARMACIE COMUNALI,SERVIZI PUBBLICI ESISTENTI,0,COMUNALE N.48,IN ESERCIZIO,COMUNE,PUBBLICA,48
2420,CASORETTO (VIA),37,,1518067.358,5037351.291,SALUTE,STUDI E ATTIVITA' PROFESSIONALI,FARMACIE COMUNALI,SERVIZI PUBBLICI ESISTENTI,0,COMUNALE N.28,IN ESERCIZIO,COMUNE,PUBBLICA,28
2420,CASORETTO (VIA),1,,1517615.358,5037310.571,SALUTE,STUDI E ATTIVITA' PROFESSIONALI,FARMACIE COMUNALI,SERVIZI PUBBLICI ESISTENTI,0,COMUNALE N.67,IN ESERCIZIO,COMUNE,PUBBLICA,67
2092,DENTI FRANCESCO (VIA),2,,1517563.818,5035820.571,SALUTE,STUDI E ATTIVITA' PROFESSIONALI,FARMACIE COMUNALI,SERVIZI PUBBLICI ESISTENTI,0,COMUNALE N.3,IN ESERCIZIO,COMUNE,PUBBLICA,3
3245,ILLIRICO (VIA),11,,1518178.768,5035264.631,SALUTE,STUDI E ATTIVITA' PROFESSIONALI,FARMACIE COMUNALI,SERVIZI PUBBLICI ESISTENTI,0,COMUNALE N.62,IN ESERCIZIO,COMUNE,PUBBLICA,62
5285,MAGLIOCCO VINCENZO (VIA),3,,1514394.739,5031892.962,SALUTE,STUDI E ATTIVITA' PROFESSIONALI,FARMACIE COMUNALI,SERVIZI PUBBLICI ESISTENTI,0,COMUNALE N.61,IN ESERCIZIO,COMUNE,PUBBLICA,61
5341,BOIFAVA PIETRO (VIA),4,,1513421.719,5030387.832,SALUTE,STUDI E ATTIVITA' PROFESSIONALI,FARMACIE COMUNALI,SERVIZI PUBBLICI ESISTENTI,0,COMUNALE N.40,IN ESERCIZIO,COMUNE,PUBBLICA,40
5333,VOLVINIO (VIA),25,,1514402.764,5031378.787,SALUTE,STUDI E ATTIVITA' PROFESSIONALI,FARMACIE COMUNALI,SERVIZI PUBBLICI ESISTENTI,0,COMUNALE N.4,IN ESERCIZIO,COMUNE,PUBBLICA,4
5432,SAPONARO MICHELE (VIA),2,,1513532.949,5028679.952,SALUTE,STUDI E ATTIVITA' PROFESSIONALI,FARMACIE COMUNALI,SERVIZI PUBBLICI ESISTENTI,0,COMUNALE N.38,IN ESERCIZIO,COMUNE,PUBBLICA,38
5442,DE RUGGIERO GUIDO (VIA),8,,1513681.119,5029515.107,SALUTE,STUDI E ATTIVITA' PROFESSIONALI,FARMACIE COMUNALI,SERVIZI PUBBLICI ESISTENTI,0,COMUNALE N.79,IN ESERCIZIO,COMUNE,PUBBLICA,79
4278,ANGILBERTO II (PZA),10,,1516992.498,5031484.182,SALUTE,STUDI E ATTIVITA' PROFESSIONALI,FARMACIE COMUNALI,SERVIZI PUBBLICI ESISTENTI,0,COMUNALE N.60,IN ESERCIZIO,COMUNE,PUBBLICA,60
4300,DEI GUARNERI (VIA),24,,1516009.618,5030338.752,SALUTE,STUDI E ATTIVITA' PROFESSIONALI,FARMACIE COMUNALI,SERVIZI PUBBLICI ESISTENTI,0,COMUNALE N.76,IN ESERCIZIO,COMUNE,PUBBLICA,76
0,,0,,1518581.048,5029433.352,SALUTE,,,,0,DISPENSARIO FARMACEUTICO,IN ESERCIZIO,COMUNE,PUBBLICA,0
1352,ARBE (VIA),65,,1515551.368,5038525.731,SALUTE,STUDI E ATTIVITA' PROFESSIONALI,FARMACIE COMUNALI,SERVIZI PUBBLICI ESISTENTI,0,COMUNALE N.64,IN ESERCIZIO,COMUNE,PUBBLICA,64
2274,MONZA (VLE),226,,1517606.748,5040002.471,SALUTE,STUDI E ATTIVITA' PROFESSIONALI,FARMACIE COMUNALI,SERVIZI PUBBLICI ESISTENTI,0,COMUNALE N.83,IN ESERCIZIO,COMUNE,PUBBLICA,83
2320,PETROCCHI POLICARPO (VIA),21,,1517609.768,5038858.431,SALUTE,STUDI E ATTIVITA' PROFESSIONALI,FARMACIE COMUNALI,SERVIZI PUBBLICI ESISTENTI,0,COMUNALE N.35,IN ESERCIZIO,COMUNE,PUBBLICA,35
2360,TOSELLI PIETRO (VIA),2,,1518377.048,5038565.531,SALUTE,STUDI E ATTIVITA' PROFESSIONALI,FARMACIE COMUNALI,SERVIZI PUBBLICI ESISTENTI,0,COMUNALE N.82,IN ESERCIZIO,COMUNE,PUBBLICA,82
2458,IGLESIAS (VIA),48,,1518233.688,5039129.601,SALUTE,STUDI E ATTIVITA' PROFESSIONALI,FARMACIE COMUNALI,SERVIZI PUBBLICI ESISTENTI,0,COMUNALE N.12,IN ESERCIZIO,COMUNE,PUBBLICA,12
2390,PALMANOVA (VIA),65,,1518461.138,5038154.461,SALUTE,STUDI E ATTIVITA' PROFESSIONALI,FARMACIE COMUNALI,SERVIZI PUBBLICI ESISTENTI,0,COMUNALE N.58,IN ESERCIZIO,COMUNE,PUBBLICA,58
2513,PIERI MARIO (VIA),1,,1519114.303,5039347.101,SALUTE,STUDI E ATTIVITA' PROFESSIONALI,FARMACIE COMUNALI,SERVIZI PUBBLICI ESISTENTI,0,COMUNALE N.51,IN ESERCIZIO,COMUNE,PUBBLICA,51
1216,ZURETTI GIANFRANCO (VIA),9,,1516188.318,5037642.481,SALUTE,STUDI E ATTIVITA' PROFESSIONALI,FARMACIE COMUNALI,SERVIZI PUBBLICI ESISTENTI,0,COMUNALE N.59,IN ESERCIZIO,COMUNE,PUBBLICA,59
1482,PELLINI EUGENIO (VIA),1,,1515957.558,5038077.861,SALUTE,STUDI E ATTIVITA' PROFESSIONALI,FARMACIE COMUNALI,SERVIZI PUBBLICI ESISTENTI,0,COMUNALE N.32,IN ESERCIZIO,COMUNE,PUBBLICA,32
4185,MAROCHETTI CARLO (VIA),9,,1517712.108,5031796.132,SALUTE,STUDI E ATTIVITA' PROFESSIONALI,FARMACIE COMUNALI,SERVIZI PUBBLICI ESISTENTI,0,COMUNALE N.34,IN ESERCIZIO,COMUNE,PUBBLICA,34
4180,SULMONA (VIA),23,,1517406.088,5032329.428,SALUTE,STUDI E ATTIVITA' PROFESSIONALI,FARMACIE COMUNALI,SERVIZI PUBBLICI ESISTENTI,0,COMUNALE N.54,IN ESERCIZIO,COMUNE,PUBBLICA,54
4073,PIER LOMBARDO (VIA),19,,1516259.848,5033415.962,SALUTE,STUDI E ATTIVITA' PROFESSIONALI,FARMACIE COMUNALI,SERVIZI PUBBLICI ESISTENTI,0,COMUNALE N.15,IN ESERCIZIO,COMUNE,PUBBLICA,15
3163,CUOCO VINCENZO (PLE),4,,1517600.918,5033085.782,SALUTE,STUDI E ATTIVITA' PROFESSIONALI,FARMACIE COMUNALI,SERVIZI PUBBLICI ESISTENTI,0,COMUNALE N.43,IN ESERCIZIO,COMUNE,PUBBLICA,43
3220,CICERI VISCONTI LAURA (VIA),10,,1517238.238,5033482.382,SALUTE,STUDI E ATTIVITA' PROFESSIONALI,FARMACIE COMUNALI,SERVIZI PUBBLICI ESISTENTI,0,COMUNALE N.27,IN ESERCIZIO,COMUNE,PUBBLICA,27
4150,BONOMELLI GEREMIA (PZA),4,,1516759.798,5032019.182,SALUTE,STUDI E ATTIVITA' PROFESSIONALI,FARMACIE COMUNALI,SERVIZI PUBBLICI ESISTENTI,0,COMUNALE N.13,IN ESERCIZIO,COMUNE,PUBBLICA,13
3323,MECENATE (VIA),8,,1519023.528,5033688.052,SALUTE,STUDI E ATTIVITA' PROFESSIONALI,FARMACIE COMUNALI,SERVIZI PUBBLICI ESISTENTI,0,COMUNALE N.9,IN ESERCIZIO,COMUNE,PUBBLICA,9
3357,UNGHERIA (VLE),4,,1519027.148,5032486.462,SALUTE,STUDI E ATTIVITA' PROFESSIONALI,FARMACIE COMUNALI,SERVIZI PUBBLICI ESISTENTI,0,COMUNALE N.17,IN ESERCIZIO,COMUNE,PUBBLICA,17
4373,ROGOREDO (VIA),113,,1519669.078,5030378.637,SALUTE,STUDI E ATTIVITA' PROFESSIONALI,FARMACIE COMUNALI,SERVIZI PUBBLICI ESISTENTI,0,COMUNALE N.30,IN ESERCIZIO,COMUNE,PUBBLICA,30
3273,BATTISTOTTI SASSI LUISA (VIA),24,,1517846.398,5034594.022,SALUTE,STUDI E ATTIVITA' PROFESSIONALI,FARMACIE COMUNALI,SERVIZI PUBBLICI ESISTENTI,0,COMUNALE N.71,IN ESERCIZIO,COMUNE,PUBBLICA,71
3274,MONTE SUELLO (VIA),1,,1518047.098,5034518.802,SALUTE,STUDI E ATTIVITA' PROFESSIONALI,FARMACIE COMUNALI,SERVIZI PUBBLICI ESISTENTI,0,COMUNALE N.23,IN ESERCIZIO,COMUNE,PUBBLICA,23
3284,SMAREGLIA ANTONIO (VIA),1,,1518217.608,5034814.962,SALUTE,STUDI E ATTIVITA' PROFESSIONALI,FARMACIE COMUNALI,SERVIZI PUBBLICI ESISTENTI,0,COMUNALE N.78,IN ESERCIZIO,COMUNE,PUBBLICA,78
3096,COMPAGNONI GIUSEPPE (VIA),9,,1517330.928,5034519.352,SALUTE,STUDI E ATTIVITA' PROFESSIONALI,FARMACIE COMUNALI,SERVIZI PUBBLICI ESISTENTI,0,COMUNALE N.65,IN ESERCIZIO,COMUNE,PUBBLICA,65
3370,DEL LIRI (VIA),1,,1519454.418,5032460.062,SALUTE,STUDI E ATTIVITA' PROFESSIONALI,FARMACIE COMUNALI,SERVIZI PUBBLICI ESISTENTI,0,COMUNALE N.1,IN ESERCIZIO,COMUNE,PUBBLICA,1
7300,PREALPI (PZA),3,,1512034.814,5037922.531,SALUTE,STUDI E ATTIVITA' PROFESSIONALI,FARMACIE COMUNALI,SERVIZI PUBBLICI ESISTENTI,0,COMUNALE N.19,IN ESERCIZIO,COMUNE,PUBBLICA,19
6491,TRENNO (VIA),15,,1509987.969,5036989.641,SALUTE,STUDI E ATTIVITA' PROFESSIONALI,FARMACIE COMUNALI,SERVIZI PUBBLICI ESISTENTI,0,COMUNALE N.2,IN ESERCIZIO,COMUNE,PUBBLICA,2
7519,CHIARELLI LUIGI (VIA),10,,1509520.069,5037539.751,SALUTE,STUDI E ATTIVITA' PROFESSIONALI,FARMACIE COMUNALI,SERVIZI PUBBLICI ESISTENTI,0,COMUNALE N.81,IN ESERCIZIO,COMUNE,PUBBLICA,81
6579,SCOLARI ROSA (PZA),3,,1507903.579,5037451.421,SALUTE,STUDI E ATTIVITA' PROFESSIONALI,FARMACIE COMUNALI,SERVIZI PUBBLICI ESISTENTI,0,COMUNALE N.44,IN ESERCIZIO,COMUNE,PUBBLICA,44
7529,VISCONTI ALEX (VIA),22,,1507875.439,5038975.301,SALUTE,STUDI E ATTIVITA' PROFESSIONALI,FARMACIE COMUNALI,SERVIZI PUBBLICI ESISTENTI,0,COMUNALE N.18,IN ESERCIZIO,COMUNE,PUBBLICA,18
7431,DEI CIGNOLI (VIA),1,,1510504.479,5038035.841,SALUTE,STUDI E ATTIVITA' PROFESSIONALI,FARMACIE COMUNALI,SERVIZI PUBBLICI ESISTENTI,0,COMUNALE N.46,IN ESERCIZIO,COMUNE,PUBBLICA,46
7222,GOVONE GIUSEPPE (VIA),29,,1513071.939,5037354.671,SALUTE,STUDI E ATTIVITA' PROFESSIONALI,FARMACIE COMUNALI,SERVIZI PUBBLICI ESISTENTI,0,COMUNALE N.72,IN ESERCIZIO,COMUNE,PUBBLICA,72
7239,GRIGNA (VIA),9,,1512274.239,5037754.201,SALUTE,STUDI E ATTIVITA' PROFESSIONALI,FARMACIE COMUNALI,SERVIZI PUBBLICI ESISTENTI,0,COMUNALE N.14,IN ESERCIZIO,COMUNE,PUBBLICA,14
7165,ALCUINO (VIA),18,,1512247.949,5036697.041,SALUTE,STUDI E ATTIVITA' PROFESSIONALI,FARMACIE COMUNALI,SERVIZI PUBBLICI ESISTENTI,0,COMUNALE N.66,IN ESERCIZIO,COMUNE,PUBBLICA,66
7490,LESSONA MICHELE (VIA),55,,1510593.919,5040662.081,SALUTE,STUDI E ATTIVITA' PROFESSIONALI,FARMACIE COMUNALI,SERVIZI PUBBLICI ESISTENTI,0,COMUNALE N.29,IN ESERCIZIO,COMUNE,PUBBLICA,29
7349,PASCARELLA CESARE (VIA),22,,1511213.759,5040434.561,SALUTE,STUDI E ATTIVITA' PROFESSIONALI,FARMACIE COMUNALI,SERVIZI PUBBLICI ESISTENTI,0,COMUNALE N.26,IN ESERCIZIO,COMUNE,PUBBLICA,26
6487,BARZILAI SALVATORE (VIA),1,,1511073.079,5033198.812,SALUTE,STUDI E ATTIVITA' PROFESSIONALI,FARMACIE COMUNALI,SERVIZI PUBBLICI ESISTENTI,0,COMUNALE N.42,IN ESERCIZIO,COMUNE,PUBBLICA,42
6658,DEL PETTIROSSO (VIA),16,,1509492.509,5033748.842,SALUTE,STUDI E ATTIVITA' PROFESSIONALI,FARMACIE COMUNALI,SERVIZI PUBBLICI ESISTENTI,0,COMUNALE N.57,IN ESERCIZIO,COMUNE,PUBBLICA,57
6672,INGANNI ANGELO (VIA),40,,1509862.229,5033136.072,SALUTE,STUDI E ATTIVITA' PROFESSIONALI,FARMACIE COMUNALI,SERVIZI PUBBLICI ESISTENTI,0,COMUNALE N.73,IN ESERCIZIO,COMUNE,PUBBLICA,73
5134,VIGNOLI TITO (VIA),42,,1511638.459,5033263.797,SALUTE,STUDI E ATTIVITA' PROFESSIONALI,FARMACIE COMUNALI,SERVIZI PUBBLICI ESISTENTI,0,COMUNALE N.31,IN ESERCIZIO,COMUNE,PUBBLICA,31
6109,FOPPA VINCENZO (VIA),5,,1512860.399,5033929.992,SALUTE,STUDI E ATTIVITA' PROFESSIONALI,FARMACIE COMUNALI,SERVIZI PUBBLICI ESISTENTI,0,COMUNALE N.47,IN ESERCIZIO,COMUNE,PUBBLICA,47
5297,PONTI ETTORE (VIA),39,,1512081.349,5032062.602,SALUTE,STUDI E ATTIVITA' PROFESSIONALI,FARMACIE COMUNALI,SERVIZI PUBBLICI ESISTENTI,0,COMUNALE N.53,IN ESERCIZIO,COMUNE,PUBBLICA,53
5353,FAMAGOSTA (VLE),36,,1512685.299,5031527.712,SALUTE,STUDI E ATTIVITA' PROFESSIONALI,FARMACIE COMUNALI,SERVIZI PUBBLICI ESISTENTI,0,COMUNALE N.70,IN ESERCIZIO,COMUNE,PUBBLICA,70
5425,SAN PAOLINO (VIA),18,,1512785.799,5030881.412,SALUTE,STUDI E ATTIVITA' PROFESSIONALI,FARMACIE COMUNALI,SERVIZI PUBBLICI ESISTENTI,0,COMUNALE N.56,IN ESERCIZIO,COMUNE,PUBBLICA,56
5431,DE PRETIS AGOSTINO (VIA),1,,1512050.849,5030958.947,SALUTE,STUDI E ATTIVITA' PROFESSIONALI,FARMACIE COMUNALI,SERVIZI PUBBLICI ESISTENTI,0,COMUNALE N.84,IN ESERCIZIO,COMUNE,PUBBLICA,84
6624,NOVARA (VIA),3,,1510125.259,5034958.772,SALUTE,STUDI E ATTIVITA' PROFESSIONALI,FARMACIE PRIVATE,SERVIZI PRIVATI ESISTENTI,5,MELOZZO DA FORLI',IN ESERCIZIO,,PRIVATA,0
6190,RASORI GIOVANNI (VIA),2,,1512871.454,5034957.392,SALUTE,STUDI E ATTIVITA' PROFESSIONALI,FARMACIE PRIVATE,SERVIZI PRIVATI ESISTENTI,5,LEGNANI,IN ESERCIZIO,,PRIVATA,0
6192,CHERUBINI FRANCESCO (VIA),2,,1512512.119,5034839.722,SALUTE,STUDI E ATTIVITA' PROFESSIONALI,FARMACIE PRIVATE,SERVIZI PRIVATI ESISTENTI,5,S. SIRO,IN ESERCIZIO,,PRIVATA,0
6193,VERCELLI (CSO),5,,1512844.259,5034758.762,SALUTE,STUDI E ATTIVITA' PROFESSIONALI,FARMACIE PRIVATE,SERVIZI PRIVATI ESISTENTI,5,COOPERATIVA FARMACEUTICA VERCELLI,IN ESERCIZIO,,PRIVATA,0
6239,ETNA (VIA),2,,1512194.384,5034275.462,SALUTE,STUDI E ATTIVITA' PROFESSIONALI,FARMACIE PRIVATE,SERVIZI PRIVATI ESISTENTI,5,WASHINGTON,IN ESERCIZIO,,PRIVATA,0
6280,MARGHERA (VIA),18,,1511993.789,5034897.202,SALUTE,STUDI E ATTIVITA' PROFESSIONALI,FARMACIE PRIVATE,SERVIZI PRIVATI ESISTENTI,5,RAVIZZA,IN ESERCIZIO,,PRIVATA,0
6283,SANZIO RAFFAELLO (VIA),2,,1512106.419,5035195.691,SALUTE,STUDI E ATTIVITA' PROFESSIONALI,FARMACIE PRIVATE,SERVIZI PRIVATI ESISTENTI,5,CARNEVALE,IN ESERCIZIO,,PRIVATA,0
6297,RANZONI DANIELE (VLE),2,,1511454.549,5034910.382,SALUTE,STUDI E ATTIVITA' PROFESSIONALI,FARMACIE PRIVATE,SERVIZI PRIVATI ESISTENTI,5,OPPEZZO SAS,IN ESERCIZIO,,PRIVATA,0
6390,PAGLIANO ELEUTERIO (VIA),1,,1511583.079,5035794.871,SALUTE,STUDI E ATTIVITA' PROFESSIONALI,FARMACIE PRIVATE,SERVIZI PRIVATI ESISTENTI,5,MONTE ROSA,IN ESERCIZIO,,PRIVATA,0
6110,VESUVIO (PZA),14,,1512536.599,5033977.002,SALUTE,STUDI E ATTIVITA' PROFESSIONALI,FARMACIE PRIVATE,SERVIZI PRIVATI ESISTENTI,5,VESUVIO SAS,IN ESERCIZIO,,PRIVATA,0
6646,PRIMATICCIO FRANCESCO (VIA),217,,1510021.329,5034365.672,SALUTE,STUDI E ATTIVITA' PROFESSIONALI,FARMACIE PRIVATE,SERVIZI PRIVATI ESISTENTI,5,SEGRE,IN ESERCIZIO,,PRIVATA,0
6772,FACCIOLI CESARE (VIA),2,,1507217.629,5034202.922,SALUTE,STUDI E ATTIVITA' PROFESSIONALI,FARMACIE PRIVATE,SERVIZI PRIVATI ESISTENTI,5,GASTALDI,IN ESERCIZIO,,PRIVATA,0
6853,POLLAK LEOPOLDO (VIA),8,,1509433.969,5035511.616,SALUTE,STUDI E ATTIVITA' PROFESSIONALI,FARMACIE PRIVATE,SERVIZI PRIVATI ESISTENTI,5,NOVARA,IN ESERCIZIO,,PRIVATA,0
6569,CIVITALI MATTEO (VIA),41,,1510347.739,5035451.681,SALUTE,STUDI E ATTIVITA' PROFESSIONALI,FARMACIE PRIVATE,SERVIZI PRIVATI ESISTENTI,5,S. MATTEO,IN ESERCIZIO,,PRIVATA,0
6571,PARAVIA PIER ALESSANDRO (VIA),75,,1510521.059,5035607.861,SALUTE,STUDI E ATTIVITA' PROFESSIONALI,FARMACIE PRIVATE,SERVIZI PRIVATI ESISTENTI,5,S. ANNA,IN ESERCIZIO,,PRIVATA,0
6555,DOLCI CARLO (VIA),6,,1511238.889,5035420.391,SALUTE,STUDI E ATTIVITA' PROFESSIONALI,FARMACIE PRIVATE,SERVIZI PRIVATI ESISTENTI,5,GRILLI SNC,IN ESERCIZIO,,PRIVATA,0
6566,SELINUNTE (PLE),3,,1510700.169,5035400.041,SALUTE,STUDI E ATTIVITA' PROFESSIONALI,FARMACIE PRIVATE,SERVIZI PRIVATI ESISTENTI,5,BALDRATI,IN ESERCIZIO,,PRIVATA,0
6576,ALTAMURA SAVERIO (VIA),20,,1510982.789,5035202.411,SALUTE,STUDI E ATTIVITA' PROFESSIONALI,FARMACIE PRIVATE,SERVIZI PRIVATI ESISTENTI,5,RAVIOLA,IN ESERCIZIO,,PRIVATA,0
6618,REMBRANDT (VIA),22,,1510773.829,5034919.132,SALUTE,STUDI E ATTIVITA' PROFESSIONALI,FARMACIE PRIVATE,SERVIZI PRIVATI ESISTENTI,5,REMBRANDT,IN ESERCIZIO,,PRIVATA,0
6643,DELLE FORZE ARMATE (VIA),4,,1510922.419,5034494.832,SALUTE,STUDI E ATTIVITA' PROFESSIONALI,FARMACIE PRIVATE,SERVIZI PRIVATI ESISTENTI,5,MEAZZA SNC,IN ESERCIZIO,,PRIVATA,0
6265,SARDEGNA (VIA),31,,1511953.489,5034456.057,SALUTE,STUDI E ATTIVITA' PROFESSIONALI,FARMACIE PRIVATE,SERVIZI PRIVATI ESISTENTI,5,SARDEGNA,IN ESERCIZIO,,PRIVATA,0
6253,BUONARROTI MICHELANGELO (VIA),5,,1512138.869,5034912.472,SALUTE,STUDI E ATTIVITA' PROFESSIONALI,FARMACIE PRIVATE,SERVIZI PRIVATI ESISTENTI,5,WAGNER,IN ESERCIZIO,,PRIVATA,0
6212,SAN MICHELE DEL CARSO (VLE),5,,1512817.669,5034392.232,SALUTE,STUDI E ATTIVITA' PROFESSIONALI,FARMACIE PRIVATE,SERVIZI PRIVATI ESISTENTI,5,S. MICHELE,IN ESERCIZIO,,PRIVATA,0
6388,MONTE ROSA (VIA),27,,1511871.519,5035528.111,SALUTE,STUDI E ATTIVITA' PROFESSIONALI,FARMACIE PRIVATE,SERVIZI PRIVATI ESISTENTI,5,GIULIO CESARE,IN ESERCIZIO,,PRIVATA,0
6643,DELLE FORZE ARMATE (VIA),212,,1508793.304,5034157.177,SALUTE,STUDI E ATTIVITA' PROFESSIONALI,FARMACIE PRIVATE,SERVIZI PRIVATI ESISTENTI,5,BAROCCO,IN ESERCIZIO,,PRIVATA,0
6306,F.LLI ZOIA (VIA),84,,1508523.629,5035335.976,SALUTE,STUDI E ATTIVITA' PROFESSIONALI,FARMACIE PRIVATE,SERVIZI PRIVATI ESISTENTI,5,S. ELENA,IN ESERCIZIO,,PRIVATA,0
6670,SAINT BON SIMONE (VIA),2,,1509419.479,5034204.162,SALUTE,STUDI E ATTIVITA' PROFESSIONALI,FARMACIE PRIVATE,SERVIZI PRIVATI ESISTENTI,5,FORZE ARMATE,IN ESERCIZIO,,PRIVATA,0
6828,DELLE BETULLE (VIA),10,,1506569.179,5033326.722,SALUTE,STUDI E ATTIVITA' PROFESSIONALI,FARMACIE PRIVATE,SERVIZI PRIVATI ESISTENTI,5,DEGLI OLMI,IN ESERCIZIO,,PRIVATA,0
6905,TERESIO OLIVELLI (PZA),0,,1509184.309,5034109.562,SALUTE,STUDI E ATTIVITA' PROFESSIONALI,FARMACIE PRIVATE,SERVIZI PRIVATI ESISTENTI,5,GUERZONI,IN ESERCIZIO,,PRIVATA,0
1539,LITTA MODIGNANI ALESSANDRO (VIA),5,,1512937.279,5041159.041,SALUTE,STUDI E ATTIVITA' PROFESSIONALI,FARMACIE PRIVATE,SERVIZI PRIVATI ESISTENTI,2,ESCULAPIO,IN ESERCIZIO,,PRIVATA,0
1647,GASPARRI PIETRO (PZA),9,,1512727.039,5041499.201,SALUTE,STUDI E ATTIVITA' PROFESSIONALI,FARMACIE PRIVATE,SERVIZI PRIVATI ESISTENTI,2,COMASINA,IN ESERCIZIO,,PRIVATA,0
1677,FORNI GEROLAMO (VIA),34,,1513086.469,5041343.806,SALUTE,STUDI E ATTIVITA' PROFESSIONALI,FARMACIE PRIVATE,SERVIZI PRIVATI ESISTENTI,2,DELLE QUERCE,IN ESERCIZIO,,PRIVATA,0
1577,CASARSA (VIA),13,,1513646.739,5041286.911,SALUTE,STUDI E ATTIVITA' PROFESSIONALI,FARMACIE PRIVATE,SERVIZI PRIVATI ESISTENTI,2,CASARSA,IN ESERCIZIO,,PRIVATA,0
1056,MONTE SANTO (VLE),12,,1515147.258,5036333.831,SALUTE,STUDI E ATTIVITA' PROFESSIONALI,FARMACIE PRIVATE,SERVIZI PRIVATI ESISTENTI,2,MONTE SANTO,IN ESERCIZIO,,PRIVATA,0
1242,CANDIANI GIUSEPPE (VIA),122,,1512722.719,5038890.561,SALUTE,STUDI E ATTIVITA' PROFESSIONALI,FARMACIE PRIVATE,SERVIZI PRIVATI ESISTENTI,2,CAVALLI,IN ESERCIZIO,,PRIVATA,0
1262,BAUSAN GIOVANNI (PZA),3,,1512915.199,5038752.641,SALUTE,STUDI E ATTIVITA' PROFESSIONALI,FARMACIE PRIVATE,SERVIZI PRIVATI ESISTENTI,2,BOVISA,IN ESERCIZIO,,PRIVATA,0
1266,DEGLI IMBRIANI (VIA),28,,1513257.749,5038458.161,SALUTE,STUDI E ATTIVITA' PROFESSIONALI,FARMACIE PRIVATE,SERVIZI PRIVATI ESISTENTI,2,IMBRIANI,IN ESERCIZIO,,PRIVATA,0
1268,CARNEVALI ANTONIO (VIA),70,,1513362.239,5038880.001,SALUTE,STUDI E ATTIVITA' PROFESSIONALI,FARMACIE PRIVATE,SERVIZI PRIVATI ESISTENTI,2,S. LUCA,IN ESERCIZIO,,PRIVATA,0
1361,MACIACHINI CARLO (PLE),24,,1514406.659,5038264.121,SALUTE,STUDI E ATTIVITA' PROFESSIONALI,FARMACIE PRIVATE,SERVIZI PRIVATI ESISTENTI,2,RONDO' FARINI,IN ESERCIZIO,,PRIVATA,0
1545,AFFORI (VLE),10,,1513354.274,5040435.051,SALUTE,STUDI E ATTIVITA' PROFESSIONALI,FARMACIE PRIVATE,SERVIZI PRIVATI ESISTENTI,2,PICCHIOTTI,IN ESERCIZIO,,PRIVATA,0
1548,ZANOLI ALESSANDRO (VIA),3,,1513475.689,5040282.786,SALUTE,STUDI E ATTIVITA' PROFESSIONALI,FARMACIE PRIVATE,SERVIZI PRIVATI ESISTENTI,2,AFFORI,IN ESERCIZIO,,PRIVATA,0
1510,ROSSI PELLEGRINO (VIA),44,,1513787.819,5039706.191,SALUTE,STUDI E ATTIVITA' PROFESSIONALI,FARMACIE PRIVATE,SERVIZI PRIVATI ESISTENTI,2,S. ANTONIO SNC,IN ESERCIZIO,,PRIVATA,0
1626,SAN GLICERIO (VIA),6,,1516290.918,5040553.521,SALUTE,STUDI E ATTIVITA' PROFESSIONALI,FARMACIE PRIVATE,SERVIZI PRIVATI ESISTENTI,2,GANDOLFO,IN ESERCIZIO,,PRIVATA,0
1147,LEPONTINA (VIA),13,,1514436.599,5037795.471,SALUTE,STUDI E ATTIVITA' PROFESSIONALI,FARMACIE PRIVATE,SERVIZI PRIVATI ESISTENTI,2,MACCIONI SNC,IN ESERCIZIO,,PRIVATA,0
1151,ARNALDO DA BRESCIA (VIA),1,,1514325.399,5037434.301,SALUTE,STUDI E ATTIVITA' PROFESSIONALI,FARMACIE PRIVATE,SERVIZI PRIVATI ESISTENTI,2,FARINI SNC,IN ESERCIZIO,,PRIVATA,0
1172,THAON DI REVEL GENOVA (VIA),19,,1514721.429,5037762.751,SALUTE,STUDI E ATTIVITA' PROFESSIONALI,FARMACIE PRIVATE,SERVIZI PRIVATI ESISTENTI,2,S. MARIA ALLA FONTANA,IN ESERCIZIO,,PRIVATA,0
1108,GIOIA MELCHIORRE (VIA),43,,1515473.418,5037086.201,SALUTE,STUDI E ATTIVITA' PROFESSIONALI,FARMACIE PRIVATE,SERVIZI PRIVATI ESISTENTI,2,BORNATI,IN ESERCIZIO,,PRIVATA,0
1142,PORRO LAMBERTENGHI LUIGI (VIA),25,,1514757.929,5037325.516,SALUTE,STUDI E ATTIVITA' PROFESSIONALI,FARMACIE PRIVATE,SERVIZI PRIVATI ESISTENTI,2,CASTOLDI,IN ESERCIZIO,,PRIVATA,0
1156,POLA (VIA),19,,1515071.768,5037319.641,SALUTE,STUDI E ATTIVITA' PROFESSIONALI,FARMACIE PRIVATE,SERVIZI PRIVATI ESISTENTI,2,S. GIOVANNI,IN ESERCIZIO,,PRIVATA,0
1138,ARCHINTO CARLO (PLE),1,,1514631.999,5037135.951,SALUTE,STUDI E ATTIVITA' PROFESSIONALI,FARMACIE PRIVATE,SERVIZI PRIVATI ESISTENTI,2,ARCHINTO,IN ESERCIZIO,,PRIVATA,0
1170,ZARA (VLE),145,,1515420.228,5038628.131,SALUTE,STUDI E ATTIVITA' PROFESSIONALI,FARMACIE PRIVATE,SERVIZI PRIVATI ESISTENTI,2,FALQUI,IN ESERCIZIO,,PRIVATA,0
1316,MURAT GIOACCHINO (VIA),85,,1514811.339,5038830.661,SALUTE,STUDI E ATTIVITA' PROFESSIONALI,FARMACIE PRIVATE,SERVIZI PRIVATI ESISTENTI,2,NIZZA,IN ESERCIZIO,,PRIVATA,0
1333,AIROLO (VIA),36,,1515093.348,5038780.261,SALUTE,STUDI E ATTIVITA' PROFESSIONALI,FARMACIE PRIVATE,SERVIZI PRIVATI ESISTENTI,2,TADDEI,IN ESERCIZIO,,PRIVATA,0
1446,SUZZANI GIOVANNI (VLE),18,,1515453.868,5039123.531,SALUTE,STUDI E ATTIVITA' PROFESSIONALI,FARMACIE PRIVATE,SERVIZI PRIVATI ESISTENTI,2,SUZZANI,IN ESERCIZIO,,PRIVATA,0
1527,DE ANGELIS MICHELE (VIA),15,,1515119.038,5039281.551,SALUTE,STUDI E ATTIVITA' PROFESSIONALI,FARMACIE PRIVATE,SERVIZI PRIVATI ESISTENTI,2,CA' GRANDA,IN ESERCIZIO,,PRIVATA,0
1441,TESTI FULVIO (VLE),74,,1515835.688,5039485.111,SALUTE,STUDI E ATTIVITA' PROFESSIONALI,FARMACIE PRIVATE,SERVIZI PRIVATI ESISTENTI,2,SCEVOLA SAS,IN ESERCIZIO,,PRIVATA,0
1446,SUZZANI GIOVANNI (VLE),273,,1516279.588,5041401.711,SALUTE,STUDI E ATTIVITA' PROFESSIONALI,FARMACIE PRIVATE,SERVIZI PRIVATI ESISTENTI,2,BICOCCA,IN ESERCIZIO,,PRIVATA,0
1449,MONTE ROTONDO (VIA),1,,1515188.708,5040225.981,SALUTE,STUDI E ATTIVITA' PROFESSIONALI,FARMACIE PRIVATE,SERVIZI PRIVATI ESISTENTI,2,NIGUARDA,IN ESERCIZIO,,PRIVATA,0
1591,ORNATO LUIGI (VIA),13,,1514944.404,5040274.521,SALUTE,STUDI E ATTIVITA' PROFESSIONALI,FARMACIE PRIVATE,SERVIZI PRIVATI ESISTENTI,2,ORNATO,IN ESERCIZIO,,PRIVATA,0
1185,VIVIANI VINCENZO (VIA),2,,1515426.148,5036494.081,SALUTE,STUDI E ATTIVITA' PROFESSIONALI,FARMACIE PRIVATE,SERVIZI PRIVATI ESISTENTI,2,GALILEO SNC,IN ESERCIZIO,,PRIVATA,0
0,FF SS PORTA GARIBALDI (STZ),0,,1514646.374,5036767.901,SALUTE,STUDI E ATTIVITA' PROFESSIONALI,FARMACIE PRIVATE,SERVIZI PRIVATI ESISTENTI,2,STAZIONE GARIBALDI,IN ESERCIZIO,,PRIVATA,0
1294,CIAIA IGNAZIO (VIA),3,,1513766.449,5038777.041,SALUTE,STUDI E ATTIVITA' PROFESSIONALI,FARMACIE PRIVATE,SERVIZI PRIVATI ESISTENTI,2,PESENTI SNC,IN ESERCIZIO,,PRIVATA,0
1460,BOVISASCA (VIA),173,,1512166.769,5040434.431,SALUTE,STUDI E ATTIVITA' PROFESSIONALI,FARMACIE PRIVATE,SERVIZI PRIVATI ESISTENTI,2,BOVISASCA,IN ESERCIZIO,,PRIVATA,0
2239,STRADIVARI ANTONIO (VIA),1,,1516888.908,5036811.151,SALUTE,STUDI E ATTIVITA' PROFESSIONALI,FARMACIE PRIVATE,SERVIZI PRIVATI ESISTENTI,3,AMBRECK,IN ESERCIZIO,,PRIVATA,0
2129,BUENOS AIRES (CSO),4,,1516150.698,5035801.111,SALUTE,STUDI E ATTIVITA' PROFESSIONALI,FARMACIE PRIVATE,SERVIZI PRIVATI ESISTENTI,3,FORMAGGIA,IN ESERCIZIO,,PRIVATA,0
2664,DELLE RIMEMBRANZE DI LAMBRATE (VLE),18,,1518808.863,5036557.861,SALUTE,STUDI E ATTIVITA' PROFESSIONALI,FARMACIE PRIVATE,SERVIZI PRIVATI ESISTENTI,3,S. MARTINO,IN ESERCIZIO,,PRIVATA,0
3185,CASTEL MORRONE (VIA),6,,1516835.308,5035107.951,SALUTE,STUDI E ATTIVITA' PROFESSIONALI,FARMACIE PRIVATE,SERVIZI PRIVATI ESISTENTI,3,CASTELMORRONE,IN ESERCIZIO,,PRIVATA,0
3120,PLEBISCITI (CSO),7,,1517124.038,5035006.246,SALUTE,STUDI E ATTIVITA' PROFESSIONALI,FARMACIE PRIVATE,SERVIZI PRIVATI ESISTENTI,3,PLEBISCITI,IN ESERCIZIO,,PRIVATA,0
2400,LOMBARDIA (VLE),65,,1517475.533,5037123.701,SALUTE,STUDI E ATTIVITA' PROFESSIONALI,FARMACIE PRIVATE,SERVIZI PRIVATI ESISTENTI,3,LOMBARDIA,IN ESERCIZIO,,PRIVATA,0
2229,PORPORA NICOLA ANTONIO (VIA),148,,1518052.288,5036980.991,SALUTE,STUDI E ATTIVITA' PROFESSIONALI,FARMACIE PRIVATE,SERVIZI PRIVATI ESISTENTI,3,PORPORA SNC,IN ESERCIZIO,,PRIVATA,0
2571,PACINI GIOVANNI (VIA),30,,1517965.778,5036558.036,SALUTE,STUDI E ATTIVITA' PROFESSIONALI,FARMACIE PRIVATE,SERVIZI PRIVATI ESISTENTI,3,FARMACEUTICA BRAMANTE,IN ESERCIZIO,,PRIVATA,0
3170,GORINI PAOLO (PLE),14,,1518053.908,5035619.516,SALUTE,STUDI E ATTIVITA' PROFESSIONALI,FARMACIE PRIVATE,SERVIZI PRIVATI ESISTENTI,3,ROSSETTO,IN ESERCIZIO,,PRIVATA,0
3312,GUARDI FRANCESCO (PZA),15,,1517775.283,5035264.901,SALUTE,STUDI E ATTIVITA' PROFESSIONALI,FARMACIE PRIVATE,SERVIZI PRIVATI ESISTENTI,3,BEATO ANGELICO,IN ESERCIZIO,,PRIVATA,0
3102,ROMAGNA (VLE),25,,1517484.413,5035464.126,SALUTE,STUDI E ATTIVITA' PROFESSIONALI,FARMACIE PRIVATE,SERVIZI PRIVATI ESISTENTI,3,SOZZI,IN ESERCIZIO,,PRIVATA,0
2216,PIOLA GABRIO (PLE),1,,1517466.893,5036287.501,SALUTE,STUDI E ATTIVITA' PROFESSIONALI,FARMACIE PRIVATE,SERVIZI PRIVATI ESISTENTI,3,CALO',IN ESERCIZIO,,PRIVATA,0
2213,SANSOVINO (VIA),1,,1517029.368,5036233.851,SALUTE,STUDI E ATTIVITA' PROFESSIONALI,FARMACIE PRIVATE,SERVIZI PRIVATI ESISTENTI,3,SANSOVINO,IN ESERCIZIO,,PRIVATA,0
2177,ABRUZZI (VLE),23,,1516971.408,5036018.571,SALUTE,STUDI E ATTIVITA' PROFESSIONALI,FARMACIE PRIVATE,SERVIZI PRIVATI ESISTENTI,3,ABRUZZI,IN ESERCIZIO,,PRIVATA,0
3122,MODENA GUSTAVO (VIA),25,,1516881.858,5035312.041,SALUTE,STUDI E ATTIVITA' PROFESSIONALI,FARMACIE PRIVATE,SERVIZI PRIVATI ESISTENTI,3,IGEA,IN ESERCIZIO,,PRIVATA,0
3184,MENOTTI CIRO (VIA),18,,1516709.338,5035320.546,SALUTE,STUDI E ATTIVITA' PROFESSIONALI,FARMACIE PRIVATE,SERVIZI PRIVATI ESISTENTI,3,SCIENTIFICA,IN ESERCIZIO,,PRIVATA,0
2157,REGINA GIOVANNA (VLE),42,,1516756.558,5035548.091,SALUTE,STUDI E ATTIVITA' PROFESSIONALI,FARMACIE PRIVATE,SERVIZI PRIVATI ESISTENTI,3,AMBROSIANA,IN ESERCIZIO,,PRIVATA,0
2170,STRADELLA ALESSANDRO (VIA),1,,1516851.023,5036132.216,SALUTE,STUDI E ATTIVITA' PROFESSIONALI,FARMACIE PRIVATE,SERVIZI PRIVATI ESISTENTI,3,FASANA,IN ESERCIZIO,,PRIVATA,0
2167,MATTEUCCI CARLO (VIA),4,,1516954.983,5036429.491,SALUTE,STUDI E ATTIVITA' PROFESSIONALI,FARMACIE PRIVATE,SERVIZI PRIVATI ESISTENTI,3,MANCINELLI,IN ESERCIZIO,,PRIVATA,0
2236,PICCINNI NICOLA (VIA),3,,1516785.558,5036675.501,SALUTE,STUDI E ATTIVITA' PROFESSIONALI,FARMACIE PRIVATE,SERVIZI PRIVATI ESISTENTI,3,MAZZOLENI & C. SNC,IN ESERCIZIO,,PRIVATA,0
2129,BUENOS AIRES (CSO),55,,1516637.648,5036557.631,SALUTE,STUDI E ATTIVITA' PROFESSIONALI,FARMACIE PRIVATE,SERVIZI PRIVATI ESISTENTI,3,MARINONI,IN ESERCIZIO,,PRIVATA,0
2144,PLINIO CAIO SECONDO (VIA),11,,1516650.533,5036240.611,SALUTE,STUDI E ATTIVITA' PROFESSIONALI,FARMACIE PRIVATE,SERVIZI PRIVATI ESISTENTI,3,BERNINI,IN ESERCIZIO,,PRIVATA,0
2259,CAIAZZO (PZA),2,,1516407.683,5036856.441,SALUTE,STUDI E ATTIVITA' PROFESSIONALI,FARMACIE PRIVATE,SERVIZI PRIVATI ESISTENTI,3,CAIAZZO SNC,IN ESERCIZIO,,PRIVATA,0
2134,VITRUVIO (VIA),39,,1516186.408,5036556.751,SALUTE,STUDI E ATTIVITA' PROFESSIONALI,FARMACIE PRIVATE,SERVIZI PRIVATI ESISTENTI,3,VITRUVIO,IN ESERCIZIO,,PRIVATA,0
2153,SPALLANZANI LAZZARO (VIA),15,,1516311.518,5035977.966,SALUTE,STUDI E ATTIVITA' PROFESSIONALI,FARMACIE PRIVATE,SERVIZI PRIVATI ESISTENTI,3,VENEZIA,IN ESERCIZIO,,PRIVATA,0
2182,MALPIGHI MARCELLO (VIA),12,,1516284.823,5035735.141,SALUTE,STUDI E ATTIVITA' PROFESSIONALI,FARMACIE PRIVATE,SERVIZI PRIVATI ESISTENTI,3,MALPIGHI,IN ESERCIZIO,,PRIVATA,0
3070,BELLOTTI FELICE (VIA),1,,1516216.893,5035296.166,SALUTE,STUDI E ATTIVITA' PROFESSIONALI,FARMACIE PRIVATE,SERVIZI PRIVATI ESISTENTI,3,PIAVE,IN ESERCIZIO,,PRIVATA,0
2119,CASTALDI PANFILO (VIA),29,,1515940.158,5035931.446,SALUTE,STUDI E ATTIVITA' PROFESSIONALI,FARMACIE PRIVATE,SERVIZI PRIVATI ESISTENTI,3,DEL LAZZARETTO,IN ESERCIZIO,,PRIVATA,0
3228,AMADEO GIAN ANTONIO (VIA),40,,1518369.848,5035296.211,SALUTE,STUDI E ATTIVITA' PROFESSIONALI,FARMACIE PRIVATE,SERVIZI PRIVATI ESISTENTI,3,MAGGI,IN ESERCIZIO,,PRIVATA,0
2571,PACINI GIOVANNI (VIA),72,,1518415.368,5036780.531,SALUTE,STUDI E ATTIVITA' PROFESSIONALI,FARMACIE PRIVATE,SERVIZI PRIVATI ESISTENTI,3,LAMBRATE,IN ESERCIZIO,,PRIVATA,0
2651,UDINE (PLE),8,,1518577.968,5037585.981,SALUTE,STUDI E ATTIVITA' PROFESSIONALI,FARMACIE PRIVATE,SERVIZI PRIVATI ESISTENTI,3,PALMANOVA,IN ESERCIZIO,,PRIVATA,0
2390,PALMANOVA (VIA),152,,1519273.498,5038934.501,SALUTE,STUDI E ATTIVITA' PROFESSIONALI,FARMACIE PRIVATE,SERVIZI PRIVATI ESISTENTI,3,DEL PARCO SNC,IN ESERCIZIO,,PRIVATA,0
2396,CRESCENZAGO (VIA),36,,1518929.828,5037354.021,SALUTE,STUDI E ATTIVITA' PROFESSIONALI,FARMACIE PRIVATE,SERVIZI PRIVATI ESISTENTI,3,S. CHIARA,IN ESERCIZIO,,PRIVATA,0
2650,PORDENONE (VIA),1,,1518269.578,5037429.251,SALUTE,STUDI E ATTIVITA' PROFESSIONALI,FARMACIE PRIVATE,SERVIZI PRIVATI ESISTENTI,3,S. PAOLO SAS,IN ESERCIZIO,,PRIVATA,0
2659,ROMBON (VIA),29,,1518856.918,5037037.011,SALUTE,STUDI E ATTIVITA' PROFESSIONALI,FARMACIE PRIVATE,SERVIZI PRIVATI ESISTENTI,3,ROMBON,IN ESERCIZIO,,PRIVATA,0
2576,GROSSICH ANTONIO (VIA),11,,1518318.558,5036530.571,SALUTE,STUDI E ATTIVITA' PROFESSIONALI,FARMACIE PRIVATE,SERVIZI PRIVATI ESISTENTI,3,CALDARINI,IN ESERCIZIO,,PRIVATA,0
3234,MURANI ORESTE (LGO),2,,1518415.148,5035544.161,SALUTE,STUDI E ATTIVITA' PROFESSIONALI,FARMACIE PRIVATE,SERVIZI PRIVATI ESISTENTI,3,CITTA' STUDI,IN ESERCIZIO,,PRIVATA,0
2129,BUENOS AIRES (CSO),36,,1516409.958,5036169.681,SALUTE,STUDI E ATTIVITA' PROFESSIONALI,FARMACIE PRIVATE,SERVIZI PRIVATI ESISTENTI,3,COSMOPOLITA,IN ESERCIZIO,,PRIVATA,0
2162,MAIOCCHI ACHILLE (VIA),14,,1516697.058,5035771.621,SALUTE,STUDI E ATTIVITA' PROFESSIONALI,FARMACIE PRIVATE,SERVIZI PRIVATI ESISTENTI,3,UMANITARIA,IN ESERCIZIO,,PRIVATA,0
2134,VITRUVIO (VIA),11,,1516349.258,5036430.891,SALUTE,STUDI E ATTIVITA' PROFESSIONALI,FARMACIE PRIVATE,SERVIZI PRIVATI ESISTENTI,3,BORNINO MILANO 1,IN ESERCIZIO,,PRIVATA,0
2129,BUENOS AIRES (CSO),39,,1516460.113,5036308.371,SALUTE,STUDI E ATTIVITA' PROFESSIONALI,FARMACIE PRIVATE,SERVIZI PRIVATI ESISTENTI,3,DEL METRO,IN ESERCIZIO,,PRIVATA,0
2144,PLINIO CAIO SECONDO (VIA),11,,1516551.428,5036316.841,SALUTE,STUDI E ATTIVITA' PROFESSIONALI,FARMACIE PRIVATE,SERVIZI PRIVATI ESISTENTI,3,BERNINI,IN ESERCIZIO,,PRIVATA,0
2108,OBERDAN GUGLIELMO (PZA),4,,1516187.478,5035668.091,SALUTE,STUDI E ATTIVITA' PROFESSIONALI,FARMACIE PRIVATE,SERVIZI PRIVATI ESISTENTI,3,ANTICA FARMACIA DIANA,IN ESERCIZIO,,PRIVATA,0
3133,BIXIO NINO (VIA),1,,1516216.268,5035437.741,SALUTE,STUDI E ATTIVITA' PROFESSIONALI,FARMACIE PRIVATE,SERVIZI PRIVATI ESISTENTI,3,BIXIO,IN ESERCIZIO,,PRIVATA,0
5242,MEDA GIUSEPPE (VIA),37,,1514021.609,5031990.522,SALUTE,STUDI E ATTIVITA' PROFESSIONALI,FARMACIE PRIVATE,SERVIZI PRIVATI ESISTENTI,4,MEDA,IN ESERCIZIO,,PRIVATA,0
5244,PEZZOTTI GIOVANNI (VIA),61,,1514387.949,5031691.332,SALUTE,STUDI E ATTIVITA' PROFESSIONALI,FARMACIE PRIVATE,SERVIZI PRIVATI ESISTENTI,4,BALBONI,IN ESERCIZIO,,PRIVATA,0
5265,BORDIGHERA (VIA),22,,1513605.459,5031955.932,SALUTE,STUDI E ATTIVITA' PROFESSIONALI,FARMACIE PRIVATE,SERVIZI PRIVATI ESISTENTI,4,IMPERIA,IN ESERCIZIO,,PRIVATA,0
5203,SAN GOTTARDO (CSO),1,,1514128.199,5033182.382,SALUTE,STUDI E ATTIVITA' PROFESSIONALI,FARMACIE PRIVATE,SERVIZI PRIVATI ESISTENTI,4,TICINESE,IN ESERCIZIO,,PRIVATA,0
5205,LAGRANGE GIUSEPPE (VIA),2,,1514040.179,5032860.842,SALUTE,STUDI E ATTIVITA' PROFESSIONALI,FARMACIE PRIVATE,SERVIZI PRIVATI ESISTENTI,4,DEL GENTILINO,IN ESERCIZIO,,PRIVATA,0
5234,TIBALDI (VLE),22,,1514011.629,5032229.712,SALUTE,STUDI E ATTIVITA' PROFESSIONALI,FARMACIE PRIVATE,SERVIZI PRIVATI ESISTENTI,4,FERRARI,IN ESERCIZIO,,PRIVATA,0
5234,TIBALDI (VLE),50,,1514340.489,5032319.892,SALUTE,STUDI E ATTIVITA' PROFESSIONALI,FARMACIE PRIVATE,SERVIZI PRIVATI ESISTENTI,4,MONTAGNA,IN ESERCIZIO,,PRIVATA,0
5262,PAVIA (VIA),1,,1514043.569,5032662.502,SALUTE,STUDI E ATTIVITA' PROFESSIONALI,FARMACIE PRIVATE,SERVIZI PRIVATI ESISTENTI,4,S. GOTTARDO,IN ESERCIZIO,,PRIVATA,0
5324,BARRILI ANTON GIULIO (VIA),20,,1513905.189,5031176.892,SALUTE,STUDI E ATTIVITA' PROFESSIONALI,FARMACIE PRIVATE,SERVIZI PRIVATI ESISTENTI,4,MONTEGANI,IN ESERCIZIO,,PRIVATA,0
5330,MONTEGANI LODOVICO (VIA),4,,1513950.329,5031526.172,SALUTE,STUDI E ATTIVITA' PROFESSIONALI,FARMACIE PRIVATE,SERVIZI PRIVATI ESISTENTI,4,SEMPIO,IN ESERCIZIO,,PRIVATA,0
5341,BOIFAVA PIETRO (VIA),33,,1513811.829,5030438.752,SALUTE,STUDI E ATTIVITA' PROFESSIONALI,FARMACIE PRIVATE,SERVIZI PRIVATI ESISTENTI,4,TESTI SNC,IN ESERCIZIO,,PRIVATA,0
5412,RENZO E LUCIA (VIA),3,,1513517.729,5031475.502,SALUTE,STUDI E ATTIVITA' PROFESSIONALI,FARMACIE PRIVATE,SERVIZI PRIVATI ESISTENTI,4,DELLA TORRETTA,IN ESERCIZIO,,PRIVATA,0
5432,SAPONARO MICHELE (VIA),34,,1513647.634,5028205.347,SALUTE,STUDI E ATTIVITA' PROFESSIONALI,FARMACIE PRIVATE,SERVIZI PRIVATI ESISTENTI,4,MUSINI,IN ESERCIZIO,,PRIVATA,0
4066,RIPAMONTI GIUSEPPE (VIA),108,,1515641.098,5031866.002,SALUTE,STUDI E ATTIVITA' PROFESSIONALI,FARMACIE PRIVATE,SERVIZI PRIVATI ESISTENTI,4,VIGENTINO,IN ESERCIZIO,,PRIVATA,0
4039,DI PORTA LODOVICA (PLE),2,,1514553.299,5033210.292,SALUTE,STUDI E ATTIVITA' PROFESSIONALI,FARMACIE PRIVATE,SERVIZI PRIVATI ESISTENTI,4,CALATAFIMI,IN ESERCIZIO,,PRIVATA,0
4045,BLIGNY (VLE),23,,1515047.818,5033099.712,SALUTE,STUDI E ATTIVITA' PROFESSIONALI,FARMACIE PRIVATE,SERVIZI PRIVATI ESISTENTI,4,BLIGNY,IN ESERCIZIO,,PRIVATA,0
4045,BLIGNY (VLE),47,,1515383.918,5033099.272,SALUTE,STUDI E ATTIVITA' PROFESSIONALI,FARMACIE PRIVATE,SERVIZI PRIVATI ESISTENTI,4,BERETTA,IN ESERCIZIO,,PRIVATA,0
4061,CREMA (VIA),17,,1515892.238,5032883.662,SALUTE,STUDI E ATTIVITA' PROFESSIONALI,FARMACIE PRIVATE,SERVIZI PRIVATI ESISTENTI,4,MINERVA,IN ESERCIZIO,,PRIVATA,0
4064,PIACENZA (VIA),24,,1516096.318,5032887.362,SALUTE,STUDI E ATTIVITA' PROFESSIONALI,FARMACIE PRIVATE,SERVIZI PRIVATI ESISTENTI,4,ROMA,IN ESERCIZIO,,PRIVATA,0
4067,BELLEZZA GIOVANNI (VIA),2,,1515428.858,5032845.447,SALUTE,STUDI E ATTIVITA' PROFESSIONALI,FARMACIE PRIVATE,SERVIZI PRIVATI ESISTENTI,5,RIPAMONTI,IN ESERCIZIO,,PRIVATA,0
4355,F.LLI FRASCHINI (VIA),8,,1513949.819,5029448.907,SALUTE,STUDI E ATTIVITA' PROFESSIONALI,FARMACIE PRIVATE,SERVIZI PRIVATI ESISTENTI,4,QUAI,IN ESERCIZIO,,PRIVATA,0
5335,MEDEGHINO (VIA),27,,1514087.459,5030850.022,SALUTE,STUDI E ATTIVITA' PROFESSIONALI,FARMACIE PRIVATE,SERVIZI PRIVATI ESISTENTI,4,CHIESA ROSSA,IN ESERCIZIO,,PRIVATA,0
4250,ANTONINI GIACOMO (VIA),56,,1515347.368,5031521.912,SALUTE,STUDI E ATTIVITA' PROFESSIONALI,FARMACIE PRIVATE,SERVIZI PRIVATI ESISTENTI,4,MORIVIONE,IN ESERCIZIO,,PRIVATA,0
4295,VAL DI SOLE (VIA),22,,1515944.708,5030736.592,SALUTE,STUDI E ATTIVITA' PROFESSIONALI,FARMACIE PRIVATE,SERVIZI PRIVATI ESISTENTI,4,VAL DI SOLE,IN ESERCIZIO,,PRIVATA,0
4253,ALAMANNI LUIGI (VIA),2,,1515728.133,5031238.617,SALUTE,STUDI E ATTIVITA' PROFESSIONALI,FARMACIE PRIVATE,SERVIZI PRIVATI ESISTENTI,4,ROCCHI,IN ESERCIZIO,,PRIVATA,0
1101,MONTE GRAPPA (VLE),7,,1514780.909,5036383.951,SALUTE,STUDI E ATTIVITA' PROFESSIONALI,FARMACIE PRIVATE,SERVIZI PRIVATI ESISTENTI,1,SMERALDO SNC,IN ESERCIZIO,,PRIVATA,0
3053,CINQUE GIORNATE (PZA),6,,1516224.398,5034283.372,SALUTE,STUDI E ATTIVITA' PROFESSIONALI,FARMACIE PRIVATE,SERVIZI PRIVATI ESISTENTI,1,FERRARINI SNC,IN ESERCIZIO,,PRIVATA,0
3062,MONTE NERO (VLE),37,,1516057.778,5033761.822,SALUTE,STUDI E ATTIVITA' PROFESSIONALI,FARMACIE PRIVATE,SERVIZI PRIVATI ESISTENTI,1,PALAZZOLO,IN ESERCIZIO,,PRIVATA,0
3062,MONTE NERO (VLE),59,,1516187.898,5034039.692,SALUTE,STUDI E ATTIVITA' PROFESSIONALI,FARMACIE PRIVATE,SERVIZI PRIVATI ESISTENTI,1,MONTENERO,IN ESERCIZIO,,PRIVATA,0
7084,LEGA LOMBARDA (PZA),5,,1514109.079,5036098.721,SALUTE,STUDI E ATTIVITA' PROFESSIONALI,FARMACIE PRIVATE,SERVIZI PRIVATI ESISTENTI,1,LEGA LOMBARDA SNC,IN ESERCIZIO,,PRIVATA,0
7121,CANONICA LUIGI (VIA),32,,1513662.219,5036200.951,SALUTE,STUDI E ATTIVITA' PROFESSIONALI,FARMACIE PRIVATE,SERVIZI PRIVATI ESISTENTI,1,CANONICA,IN ESERCIZIO,,PRIVATA,0
7121,CANONICA LUIGI (VIA),6,,1513848.529,5036073.321,SALUTE,STUDI E ATTIVITA' PROFESSIONALI,FARMACIE PRIVATE,SERVIZI PRIVATI ESISTENTI,1,COOPERATIVA FARMACEUTICA CANONICA,IN ESERCIZIO,,PRIVATA,0
6183,MASCHERONI LORENZO (VIA),16,,1512960.469,5035214.061,SALUTE,STUDI E ATTIVITA' PROFESSIONALI,FARMACIE PRIVATE,SERVIZI PRIVATI ESISTENTI,1,TOMMASEO,IN ESERCIZIO,,PRIVATA,0
5110,CONI ZUGNA (VLE),43,,1513266.069,5033792.572,SALUTE,STUDI E ATTIVITA' PROFESSIONALI,FARMACIE PRIVATE,SERVIZI PRIVATI ESISTENTI,1,OLONA,IN ESERCIZIO,,PRIVATA,0
3047,DEL TRICOLORE (PZA),2,,1516152.128,5034926.782,SALUTE,STUDI E ATTIVITA' PROFESSIONALI,FARMACIE PRIVATE,SERVIZI PRIVATI ESISTENTI,1,TADINI,IN ESERCIZIO,,PRIVATA,0
5093,AUSONIO (VIA),19,,1513506.739,5033894.502,SALUTE,STUDI E ATTIVITA' PROFESSIONALI,FARMACIE PRIVATE,SERVIZI PRIVATI ESISTENTI,1,ARIBERTO SAS,IN ESERCIZIO,,PRIVATA,0
5098,SAN VINCENZO (VIA),1,,1513876.529,5033945.402,SALUTE,STUDI E ATTIVITA' PROFESSIONALI,FARMACIE PRIVATE,SERVIZI PRIVATI ESISTENTI,1,SANT'AGOSTINO,IN ESERCIZIO,,PRIVATA,0
647,SAN VITTORE (VIA),12,,1513458.809,5034424.212,SALUTE,STUDI E ATTIVITA' PROFESSIONALI,FARMACIE PRIVATE,SERVIZI PRIVATI ESISTENTI,1,DEI PADRI FATEBENEFRATELLI,IN ESERCIZIO,,PRIVATA,0
5164,GENOVA (CSO),23,,1513707.829,5033714.622,SALUTE,STUDI E ATTIVITA' PROFESSIONALI,FARMACIE PRIVATE,SERVIZI PRIVATI ESISTENTI,1,DEL CORSO,IN ESERCIZIO,,PRIVATA,0
5164,GENOVA (CSO),27,,1513661.019,5033668.182,SALUTE,STUDI E ATTIVITA' PROFESSIONALI,FARMACIE PRIVATE,SERVIZI PRIVATI ESISTENTI,1,GENOVA,IN ESERCIZIO,,PRIVATA,0
541,DI PORTA TICINESE (CSO),50,,1514152.779,5033720.772,SALUTE,STUDI E ATTIVITA' PROFESSIONALI,FARMACIE PRIVATE,SERVIZI PRIVATI ESISTENTI,1,DELLA CITTADELLA,IN ESERCIZIO,,PRIVATA,0
541,DI PORTA TICINESE (CSO),98,,1514118.389,5033394.272,SALUTE,STUDI E ATTIVITA' PROFESSIONALI,FARMACIE PRIVATE,SERVIZI PRIVATI ESISTENTI,1,S. EUSTORGIO,IN ESERCIZIO,,PRIVATA,0
402,DI PORTA ROMANA (CSO),68,,1515189.738,5033760.392,SALUTE,STUDI E ATTIVITA' PROFESSIONALI,FARMACIE PRIVATE,SERVIZI PRIVATI ESISTENTI,1,BORASI SAS,IN ESERCIZIO,,PRIVATA,0
4037,VAINA EUGENIO (VIA),2,,1515704.508,5033312.322,SALUTE,STUDI E ATTIVITA' PROFESSIONALI,FARMACIE PRIVATE,SERVIZI PRIVATI ESISTENTI,1,ALLA PORTA,IN ESERCIZIO,,PRIVATA,0
4014,SAN CALIMERO (VIA),1,,1515144.203,5033799.727,SALUTE,STUDI E ATTIVITA' PROFESSIONALI,FARMACIE PRIVATE,SERVIZI PRIVATI ESISTENTI,1,FOGLIA,IN ESERCIZIO,,PRIVATA,0
4103,LAMARMORA ALFONSO (VIA),2,,1515368.988,5033652.112,SALUTE,STUDI E ATTIVITA' PROFESSIONALI,FARMACIE PRIVATE,SERVIZI PRIVATI ESISTENTI,1,COOPERATIVA FARMACEUTICA LAMARMORA,IN ESERCIZIO,,PRIVATA,0
3016,DI PORTA VITTORIA (CSO),38,,1515953.538,5034331.997,SALUTE,STUDI E ATTIVITA' PROFESSIONALI,FARMACIE PRIVATE,SERVIZI PRIVATI ESISTENTI,1,COOPERATIVA FARMACEUTICA VITTORIA,IN ESERCIZIO,,PRIVATA,0
236,SENATO (VIA),2,,1515596.128,5035107.891,SALUTE,STUDI E ATTIVITA' PROFESSIONALI,FARMACIE PRIVATE,SERVIZI PRIVATI ESISTENTI,1,BRERA PORATI SAS,IN ESERCIZIO,,PRIVATA,0
1010,GARIBALDI GIUSEPPE (CSO),49,,1514347.469,5035626.141,SALUTE,STUDI E ATTIVITA' PROFESSIONALI,FARMACIE PRIVATE,SERVIZI PRIVATI ESISTENTI,1,SANITAS,IN ESERCIZIO,,PRIVATA,0
1016,DELLA MOSCOVA (VIA),22,,1515038.428,5035912.391,SALUTE,STUDI E ATTIVITA' PROFESSIONALI,FARMACIE PRIVATE,SERVIZI PRIVATI ESISTENTI,1,GABBIANI,IN ESERCIZIO,,PRIVATA,0
1028,SOLFERINO (VIA),25,,1514711.079,5036077.841,SALUTE,STUDI E ATTIVITA' PROFESSIONALI,FARMACIE PRIVATE,SERVIZI PRIVATI ESISTENTI,1,SOLFERINO,IN ESERCIZIO,,PRIVATA,0
1033,LA FOPPA (LGO),1,,1514421.039,5036101.841,SALUTE,STUDI E ATTIVITA' PROFESSIONALI,FARMACIE PRIVATE,SERVIZI PRIVATI ESISTENTI,1,RAIMONDI,IN ESERCIZIO,,PRIVATA,0
1036,SAN MARCO (VIA),18,,1514765.399,5035768.761,SALUTE,STUDI E ATTIVITA' PROFESSIONALI,FARMACIE PRIVATE,SERVIZI PRIVATI ESISTENTI,1,SALVI,IN ESERCIZIO,,PRIVATA,0
143,PONTACCIO (VIA),22,,1514421.759,5035453.651,SALUTE,STUDI E ATTIVITA' PROFESSIONALI,FARMACIE PRIVATE,SERVIZI PRIVATI ESISTENTI,1,COOPERATIVA FARMACEUTICA PONTACCIO,IN ESERCIZIO,,PRIVATA,0
237,CAVOUR (PZA),5,,1515291.768,5035539.151,SALUTE,STUDI E ATTIVITA' PROFESSIONALI,FARMACIE PRIVATE,SERVIZI PRIVATI ESISTENTI,1,COMOTTI,IN ESERCIZIO,,PRIVATA,0
1010,GARIBALDI GIUSEPPE (CSO),83,,1514394.129,5035914.761,SALUTE,STUDI E ATTIVITA' PROFESSIONALI,FARMACIE PRIVATE,SERVIZI PRIVATI ESISTENTI,1,DEL GARIBALDI,IN ESERCIZIO,,PRIVATA,0
601,CADORNA LUIGI (PLE),11,,1513794.259,5034942.602,SALUTE,STUDI E ATTIVITA' PROFESSIONALI,FARMACIE PRIVATE,SERVIZI PRIVATI ESISTENTI,1,CADORNA SNC,IN ESERCIZIO,,PRIVATA,0
604,MAGENTA (CSO),96,,1513034.749,5034764.652,SALUTE,STUDI E ATTIVITA' PROFESSIONALI,FARMACIE PRIVATE,SERVIZI PRIVATI ESISTENTI,1,S. TERESA,IN ESERCIZIO,,PRIVATA,0
6155,MONTI VINCENZO (VIA),56,,1513164.159,5035420.801,SALUTE,STUDI E ATTIVITA' PROFESSIONALI,FARMACIE PRIVATE,SERVIZI PRIVATI ESISTENTI,1,BORNINO MILANO,IN ESERCIZIO,,PRIVATA,0
6158,BOCCACCIO GIOVANNI (VIA),26,,1513313.379,5034947.572,SALUTE,STUDI E ATTIVITA' PROFESSIONALI,FARMACIE PRIVATE,SERVIZI PRIVATI ESISTENTI,1,BOCCACCIO,IN ESERCIZIO,,PRIVATA,0
6159,SAFFI AURELIO (VIA),6,,1513453.029,5035126.611,SALUTE,STUDI E ATTIVITA' PROFESSIONALI,FARMACIE PRIVATE,SERVIZI PRIVATI ESISTENTI,1,CERINI,IN ESERCIZIO,,PRIVATA,0
7137,SEMPIONE (CSO),5,,1513353.469,5035947.841,SALUTE,STUDI E ATTIVITA' PROFESSIONALI,FARMACIE PRIVATE,SERVIZI PRIVATI ESISTENTI,1,SEMPIONE,IN ESERCIZIO,,PRIVATA,0
7137,SEMPIONE (CSO),8,,1513371.964,5036009.526,SALUTE,STUDI E ATTIVITA' PROFESSIONALI,FARMACIE PRIVATE,SERVIZI PRIVATI ESISTENTI,1,COOPERATIVA FARMACEUTICA SEMPIONE,IN ESERCIZIO,,PRIVATA,0
1,DEL DUOMO (PZA),21,,1514848.759,5034632.272,SALUTE,STUDI E ATTIVITA' PROFESSIONALI,FARMACIE PRIVATE,SERVIZI PRIVATI ESISTENTI,1,CARLO ERBA SAS,IN ESERCIZIO,,PRIVATA,0
110,PORRONE BASSANO (VIA),4,,1514661.249,5034785.622,SALUTE,STUDI E ATTIVITA' PROFESSIONALI,FARMACIE PRIVATE,SERVIZI PRIVATI ESISTENTI,1,CENTRO MILANO,IN ESERCIZIO,,PRIVATA,0
123,DELL' ORSO (VIA),1,,1514676.719,5035090.701,SALUTE,STUDI E ATTIVITA' PROFESSIONALI,FARMACIE PRIVATE,SERVIZI PRIVATI ESISTENTI,1,DELL'ORSO,IN ESERCIZIO,,PRIVATA,0
136,FIORI OSCURI (VIA),13,,1514821.449,5035499.351,SALUTE,STUDI E ATTIVITA' PROFESSIONALI,FARMACIE PRIVATE,SERVIZI PRIVATI ESISTENTI,1,BRERA ANTICA,IN ESERCIZIO,,PRIVATA,0
212,SAN PAOLO (VIA),7,,1515142.978,5034717.752,SALUTE,STUDI E ATTIVITA' PROFESSIONALI,FARMACIE PRIVATE,SERVIZI PRIVATI ESISTENTI,1,LIBERTY,IN ESERCIZIO,,PRIVATA,0
224,BIGLI (VIA),28,,1515089.258,5035172.061,SALUTE,STUDI E ATTIVITA' PROFESSIONALI,FARMACIE PRIVATE,SERVIZI PRIVATI ESISTENTI,1,COOPERATIVA FARMACEUTICA BIGLI,IN ESERCIZIO,,PRIVATA,0
238,VENEZIA (CSO),14,,1515602.078,5035036.521,SALUTE,STUDI E ATTIVITA' PROFESSIONALI,FARMACIE PRIVATE,SERVIZI PRIVATI ESISTENTI,1,S. BABILA,IN ESERCIZIO,,PRIVATA,0
308,FONTANA (PZA),6,,1515227.838,5034427.072,SALUTE,STUDI E ATTIVITA' PROFESSIONALI,FARMACIE PRIVATE,SERVIZI PRIVATI ESISTENTI,1,FONTANA,IN ESERCIZIO,,PRIVATA,0
315,AUGUSTO (LGO),8,,1515432.138,5034397.572,SALUTE,STUDI E ATTIVITA' PROFESSIONALI,FARMACIE PRIVATE,SERVIZI PRIVATI ESISTENTI,1,LARGO AUGUSTO,IN ESERCIZIO,,PRIVATA,0
318,LARGA (VIA),16,,1514999.219,5034233.182,SALUTE,STUDI E ATTIVITA' PROFESSIONALI,FARMACIE PRIVATE,SERVIZI PRIVATI ESISTENTI,1,REALE SNC,IN ESERCIZIO,,PRIVATA,0
318,LARGA (VIA),6,,1515138.538,5034356.982,SALUTE,STUDI E ATTIVITA' PROFESSIONALI,FARMACIE PRIVATE,SERVIZI PRIVATI ESISTENTI,1,DEL DUOMO,IN ESERCIZIO,,PRIVATA,0
348,MONFORTE (CSO),19,,1515655.358,5034869.402,SALUTE,STUDI E ATTIVITA' PROFESSIONALI,FARMACIE PRIVATE,SERVIZI PRIVATI ESISTENTI,1,MONFORTE SNC,IN ESERCIZIO,,PRIVATA,0
361,VISCONTI DI MODRONE UBERTO (VIA),1,,1515568.288,5034468.362,SALUTE,STUDI E ATTIVITA' PROFESSIONALI,FARMACIE PRIVATE,SERVIZI PRIVATI ESISTENTI,1,PONTE VITTORIA SNC,IN ESERCIZIO,,PRIVATA,0
514,SANTA MARIA BELTRADE (PZA),1,,1514612.779,5034386.172,SALUTE,STUDI E ATTIVITA' PROFESSIONALI,FARMACIE PRIVATE,SERVIZI PRIVATI ESISTENTI,1,GLORIA SAS,IN ESERCIZIO,,PRIVATA,0
516,MAZZINI GIUSEPPE (VIA),12,,1514753.919,5034352.302,SALUTE,STUDI E ATTIVITA' PROFESSIONALI,FARMACIE PRIVATE,SERVIZI PRIVATI ESISTENTI,1,CARLO ALBERTO,IN ESERCIZIO,,PRIVATA,0
518,SPADARI (VIA),13,,1514617.919,5034513.192,SALUTE,STUDI E ATTIVITA' PROFESSIONALI,FARMACIE PRIVATE,SERVIZI PRIVATI ESISTENTI,1,CENTRALE SNC,IN ESERCIZIO,,PRIVATA,0
525,MISSORI GIUSEPPE (PZA),3,,1514793.599,5034132.212,SALUTE,STUDI E ATTIVITA' PROFESSIONALI,FARMACIE PRIVATE,SERVIZI PRIVATI ESISTENTI,1,MISSORI SNC,IN ESERCIZIO,,PRIVATA,0
538,STAMPA (VIA),14,,1514245.449,5034129.432,SALUTE,STUDI E ATTIVITA' PROFESSIONALI,FARMACIE PRIVATE,SERVIZI PRIVATI ESISTENTI,1,CARROBBIO,IN ESERCIZIO,,PRIVATA,0
543,TORINO (VIA),52,,1514438.819,5034204.842,SALUTE,STUDI E ATTIVITA' PROFESSIONALI,FARMACIE PRIVATE,SERVIZI PRIVATI ESISTENTI,1,S. GIORGIO,IN ESERCIZIO,,PRIVATA,0
547,OREFICI (VIA),2,,1514731.829,5034545.002,SALUTE,STUDI E ATTIVITA' PROFESSIONALI,FARMACIE PRIVATE,SERVIZI PRIVATI ESISTENTI,1,COOPERATIVA FARMACEUTICA DUOMO,IN ESERCIZIO,,PRIVATA,0
553,OLMETTO (VIA),21,,1514481.349,5033957.142,SALUTE,STUDI E ATTIVITA' PROFESSIONALI,FARMACIE PRIVATE,SERVIZI PRIVATI ESISTENTI,1,OLMETTO,IN ESERCIZIO,,PRIVATA,0
555,CORRENTI CESARE (VIA),2,,1514140.829,5034100.772,SALUTE,STUDI E ATTIVITA' PROFESSIONALI,FARMACIE PRIVATE,SERVIZI PRIVATI ESISTENTI,1,ALLEANZA FARMACEUTICA,IN ESERCIZIO,,PRIVATA,0
587,CROCEFISSO (VIA),1,,1514667.259,5033745.732,SALUTE,STUDI E ATTIVITA' PROFESSIONALI,FARMACIE PRIVATE,SERVIZI PRIVATI ESISTENTI,1,S. CELSO,IN ESERCIZIO,,PRIVATA,0
541,DI PORTA TICINESE (CSO),24,,1514165.239,5033907.142,SALUTE,STUDI E ATTIVITA' PROFESSIONALI,FARMACIE PRIVATE,SERVIZI PRIVATI ESISTENTI,1,S. LORENZO,IN ESERCIZIO,,PRIVATA,0
602,CARDUCCI GIOSUE' (VIA),11,,1513797.939,5034772.832,SALUTE,STUDI E ATTIVITA' PROFESSIONALI,FARMACIE PRIVATE,SERVIZI PRIVATI ESISTENTI,1,SCHIAVIO,IN ESERCIZIO,,PRIVATA,0
612,DANTE ALIGHIERI (VIA),17,,1514348.139,5034900.502,SALUTE,STUDI E ATTIVITA' PROFESSIONALI,FARMACIE PRIVATE,SERVIZI PRIVATI ESISTENTI,1,DANTE,IN ESERCIZIO,,PRIVATA,0
614,MERAVIGLI (VIA),12,,1514317.119,5034744.212,SALUTE,STUDI E ATTIVITA' PROFESSIONALI,FARMACIE PRIVATE,SERVIZI PRIVATI ESISTENTI,1,MALDIFASSI,IN ESERCIZIO,,PRIVATA,0
615,SAN GIOVANNI SUL MURO (VLO),7,,1514214.189,5034837.042,SALUTE,STUDI E ATTIVITA' PROFESSIONALI,FARMACIE PRIVATE,SERVIZI PRIVATI ESISTENTI,1,AL TEATRO DAL VERME,IN ESERCIZIO,,PRIVATA,0
626,CORDUSIO (PZA),2,,1514624.209,5034661.692,SALUTE,STUDI E ATTIVITA' PROFESSIONALI,FARMACIE PRIVATE,SERVIZI PRIVATI ESISTENTI,1,CORDUSIO,IN ESERCIZIO,,PRIVATA,0
717,MERCATO (VIA),1,,1514420.779,5035294.801,SALUTE,STUDI E ATTIVITA' PROFESSIONALI,FARMACIE PRIVATE,SERVIZI PRIVATI ESISTENTI,1,DEL CARMINE,IN ESERCIZIO,,PRIVATA,0
720,BROLETTO (VIA),30,,1514551.334,5034940.202,SALUTE,STUDI E ATTIVITA' PROFESSIONALI,FARMACIE PRIVATE,SERVIZI PRIVATI ESISTENTI,1,BROLETTO,IN ESERCIZIO,,PRIVATA,0
10,VITTORIO EMANUELE (GLL),15,,1515351.968,5034725.872,SALUTE,STUDI E ATTIVITA' PROFESSIONALI,FARMACIE PRIVATE,SERVIZI PRIVATI ESISTENTI,1,S. CARLO,IN ESERCIZIO,,PRIVATA,0
1061,PRINCIPESSA CLOTILDE (PLE),1,,1515041.783,5036237.426,SALUTE,STUDI E ATTIVITA' PROFESSIONALI,FARMACIE PRIVATE,SERVIZI PRIVATI ESISTENTI,1,FATEBENEFRATELLI,IN ESERCIZIO,,PRIVATA,0
658,ARISTIDE CALDERINI (GRD),3,,1513920.154,5034634.097,SALUTE,STUDI E ATTIVITA' PROFESSIONALI,FARMACIE PRIVATE,SERVIZI PRIVATI ESISTENTI,1,COOPERATIVA FARMACEUTICA S.AGNESE,IN ESERCIZIO,,PRIVATA,0
2707,MARTESANA (PLE),4,,1517528.373,5039469.996,SALUTE,STUDI E ATTIVITA' PROFESSIONALI,FARMACIE PRIVATE,SERVIZI PRIVATI ESISTENTI,3,CALIGIURI,IN ESERCIZIO,,PRIVATA,0
2274,MONZA (VLE),325,,1517632.268,5040589.501,SALUTE,STUDI E ATTIVITA' PROFESSIONALI,FARMACIE PRIVATE,SERVIZI PRIVATI ESISTENTI,3,S. SPIRITO,IN ESERCIZIO,,PRIVATA,0
2274,MONZA (VLE),126,,1517342.358,5038711.631,SALUTE,STUDI E ATTIVITA' PROFESSIONALI,FARMACIE PRIVATE,SERVIZI PRIVATI ESISTENTI,3,SOCIALE,IN ESERCIZIO,,PRIVATA,0
2275,PADOVA (VIA),109,,1518025.478,5038167.981,SALUTE,STUDI E ATTIVITA' PROFESSIONALI,FARMACIE PRIVATE,SERVIZI PRIVATI ESISTENTI,3,TURRO,IN ESERCIZIO,,PRIVATA,0
2371,ATENE (VIA),2,,1518232.898,5038350.531,SALUTE,STUDI E ATTIVITA' PROFESSIONALI,FARMACIE PRIVATE,SERVIZI PRIVATI ESISTENTI,3,PADOVA,IN ESERCIZIO,,PRIVATA,0
2384,CELENTANO BERNARDO (VIA),1,,1518701.528,5038821.631,SALUTE,STUDI E ATTIVITA' PROFESSIONALI,FARMACIE PRIVATE,SERVIZI PRIVATI ESISTENTI,3,GLORIA,IN ESERCIZIO,,PRIVATA,0
2629,LUSSU EMILIO (VIA),4,,1519138.558,5040474.326,SALUTE,STUDI E ATTIVITA' PROFESSIONALI,FARMACIE PRIVATE,SERVIZI PRIVATI ESISTENTI,3,ITALO INGLESE SNC,IN ESERCIZIO,,PRIVATA,0
1170,ZARA (VLE),36,,1515107.108,5037643.821,SALUTE,STUDI E ATTIVITA' PROFESSIONALI,FARMACIE PRIVATE,SERVIZI PRIVATI ESISTENTI,3,CADDEO,IN ESERCIZIO,,PRIVATA,0
1190,FILZI FABIO (VIA),10,,1515607.108,5036593.831,SALUTE,STUDI E ATTIVITA' PROFESSIONALI,FARMACIE PRIVATE,SERVIZI PRIVATI ESISTENTI,3,HUMANITAS SNC,IN ESERCIZIO,,PRIVATA,0
1211,SCHIAPARELLI GIOVANNI (VIA),4,,1516077.298,5037379.701,SALUTE,STUDI E ATTIVITA' PROFESSIONALI,FARMACIE PRIVATE,SERVIZI PRIVATI ESISTENTI,3,PONTE SEVESO,IN ESERCIZIO,,PRIVATA,0
1213,TONALE (VIA),26,,1515776.648,5037388.361,SALUTE,STUDI E ATTIVITA' PROFESSIONALI,FARMACIE PRIVATE,SERVIZI PRIVATI ESISTENTI,3,TONALE,IN ESERCIZIO,,PRIVATA,0
2264,LORETO (PLE),7,,1516920.608,5037042.641,SALUTE,STUDI E ATTIVITA' PROFESSIONALI,FARMACIE PRIVATE,SERVIZI PRIVATI ESISTENTI,3,LORETO SNC,IN ESERCIZIO,,PRIVATA,0
2308,F.LLI LUMIERE (VIA),2,,1516624.958,5037469.521,SALUTE,STUDI E ATTIVITA' PROFESSIONALI,FARMACIE PRIVATE,SERVIZI PRIVATI ESISTENTI,3,BARNI,IN ESERCIZIO,,PRIVATA,0
2274,MONZA (VLE),43,,1517041.068,5037480.201,SALUTE,STUDI E ATTIVITA' PROFESSIONALI,FARMACIE PRIVATE,SERVIZI PRIVATI ESISTENTI,3,BERTA,IN ESERCIZIO,,PRIVATA,0
2274,MONZA (VLE),63,,1517103.868,5037782.891,SALUTE,STUDI E ATTIVITA' PROFESSIONALI,FARMACIE PRIVATE,SERVIZI PRIVATI ESISTENTI,3,CONFALONIERI,IN ESERCIZIO,,PRIVATA,0
2288,VARANINI LUIGI (VIA),19,,1516884.198,5037758.511,SALUTE,STUDI E ATTIVITA' PROFESSIONALI,FARMACIE PRIVATE,SERVIZI PRIVATI ESISTENTI,3,MONTI,IN ESERCIZIO,,PRIVATA,0
2365,CHAVEZ GIORGIO (VIA),19,,1517687.758,5037754.966,SALUTE,STUDI E ATTIVITA' PROFESSIONALI,FARMACIE PRIVATE,SERVIZI PRIVATI ESISTENTI,3,PAVESIO,IN ESERCIZIO,,PRIVATA,0
2284,DEI TRANSITI (VIA),1,,1517357.158,5037471.191,SALUTE,STUDI E ATTIVITA' PROFESSIONALI,FARMACIE PRIVATE,SERVIZI PRIVATI ESISTENTI,3,MALUGANI,IN ESERCIZIO,,PRIVATA,0
2300,ROVERETO (VIA),14,,1517195.068,5037985.731,SALUTE,STUDI E ATTIVITA' PROFESSIONALI,FARMACIE PRIVATE,SERVIZI PRIVATI ESISTENTI,3,BANDI,IN ESERCIZIO,,PRIVATA,0
2263,BRIANZA (VLE),23,,1516588.148,5037192.191,SALUTE,STUDI E ATTIVITA' PROFESSIONALI,FARMACIE PRIVATE,SERVIZI PRIVATI ESISTENTI,3,BRIANZA SNC,IN ESERCIZIO,,PRIVATA,0
1200,DUCA D'AOSTA (PZA),4,,1515907.198,5036723.131,SALUTE,STUDI E ATTIVITA' PROFESSIONALI,FARMACIE PRIVATE,SERVIZI PRIVATI ESISTENTI,3,DUCA D'AOSTA,IN ESERCIZIO,,PRIVATA,0
2112,LAZZARETTO (VIA),19,,1515944.938,5036282.011,SALUTE,STUDI E ATTIVITA' PROFESSIONALI,FARMACIE PRIVATE,SERVIZI PRIVATI ESISTENTI,3,BRACCIO SNC,IN ESERCIZIO,,PRIVATA,0
2127,SETTEMBRINI LUIGI (VIA),39,,1516285.138,5036750.751,SALUTE,STUDI E ATTIVITA' PROFESSIONALI,FARMACIE PRIVATE,SERVIZI PRIVATI ESISTENTI,3,SCARLATTI,IN ESERCIZIO,,PRIVATA,0
1055,DELLA REPUBBLICA (PZA),32,,1515612.618,5036342.511,SALUTE,STUDI E ATTIVITA' PROFESSIONALI,FARMACIE PRIVATE,SERVIZI PRIVATI ESISTENTI,3,REPUBBLICA,IN ESERCIZIO,,PRIVATA,0
2494,PONTE NUOVO (VIA),40,,1518534.028,5039401.171,SALUTE,STUDI E ATTIVITA' PROFESSIONALI,FARMACIE PRIVATE,SERVIZI PRIVATI ESISTENTI,3,PONTE NUOVO,IN ESERCIZIO,,PRIVATA,0
2505,COSTANTINO (PZA),1,,1519362.838,5039644.481,SALUTE,STUDI E ATTIVITA' PROFESSIONALI,FARMACIE PRIVATE,SERVIZI PRIVATI ESISTENTI,3,AL PONTE,IN ESERCIZIO,,PRIVATA,0
1108,GIOIA MELCHIORRE (VIA),135,,1516152.708,5037926.861,SALUTE,STUDI E ATTIVITA' PROFESSIONALI,FARMACIE PRIVATE,SERVIZI PRIVATI ESISTENTI,3,MELCHIORRE GIOIA,IN ESERCIZIO,,PRIVATA,0
1418,DE MARCHI EMILIO (VIA),45,,1516440.358,5038747.301,SALUTE,STUDI E ATTIVITA' PROFESSIONALI,FARMACIE PRIVATE,SERVIZI PRIVATI ESISTENTI,3,GRECO,IN ESERCIZIO,,PRIVATA,0
1412,DELLE RIMEMBRANZE DI GRECO (VLE),40,,1516600.908,5038505.026,SALUTE,STUDI E ATTIVITA' PROFESSIONALI,FARMACIE PRIVATE,SERVIZI PRIVATI ESISTENTI,3,MACCHI,IN ESERCIZIO,,PRIVATA,0
2274,MONZA (VLE),177,,1517356.278,5038984.921,SALUTE,STUDI E ATTIVITA' PROFESSIONALI,FARMACIE PRIVATE,SERVIZI PRIVATI ESISTENTI,3,EUROPA SAS,IN ESERCIZIO,,PRIVATA,0
0,DELLE PARTENZE (GAL),0,,1515977.663,5036946.001,SALUTE,STUDI E ATTIVITA' PROFESSIONALI,FARMACIE PRIVATE,SERVIZI PRIVATI ESISTENTI,3,STAZIONE CENTRALE SAS,IN ESERCIZIO,,PRIVATA,0
4173,LUCANIA (VLE),10,,1517586.608,5032023.572,SALUTE,STUDI E ATTIVITA' PROFESSIONALI,FARMACIE PRIVATE,SERVIZI PRIVATI ESISTENTI,4,CORVETTO SAS,IN ESERCIZIO,,PRIVATA,0
3071,ANFOSSI AUGUSTO (VIA),9,,1516413.888,5034145.162,SALUTE,STUDI E ATTIVITA' PROFESSIONALI,FARMACIE PRIVATE,SERVIZI PRIVATI ESISTENTI,4,SACCHI SNC,IN ESERCIZIO,,PRIVATA,0
3077,CADORE (VIA),29,,1516677.988,5033809.352,SALUTE,STUDI E ATTIVITA' PROFESSIONALI,FARMACIE PRIVATE,SERVIZI PRIVATI ESISTENTI,4,CADORE,IN ESERCIZIO,,PRIVATA,0
3145,UMBRIA (VIA),109,,1516994.468,5033882.352,SALUTE,STUDI E ATTIVITA' PROFESSIONALI,FARMACIE PRIVATE,SERVIZI PRIVATI ESISTENTI,4,UMBRIA,IN ESERCIZIO,,PRIVATA,0
3145,UMBRIA (VIA),19,,1516567.328,5032936.922,SALUTE,STUDI E ATTIVITA' PROFESSIONALI,FARMACIE PRIVATE,SERVIZI PRIVATI ESISTENTI,4,METALLA SNC,IN ESERCIZIO,,PRIVATA,0
3368,VARSAVIA (VIA),4,,1517930.188,5033274.772,SALUTE,STUDI E ATTIVITA' PROFESSIONALI,FARMACIE PRIVATE,SERVIZI PRIVATI ESISTENTI,4,DEL MERCATO,IN ESERCIZIO,,PRIVATA,0
3053,CINQUE GIORNATE (PZA),7,,1516273.098,5034387.392,SALUTE,STUDI E ATTIVITA' PROFESSIONALI,FARMACIE PRIVATE,SERVIZI PRIVATI ESISTENTI,4,CANTONE,IN ESERCIZIO,,PRIVATA,0
3063,PREMUDA (VLE),10,,1516264.558,5034500.722,SALUTE,STUDI E ATTIVITA' PROFESSIONALI,FARMACIE PRIVATE,SERVIZI PRIVATI ESISTENTI,4,REMOTTI,IN ESERCIZIO,,PRIVATA,0
3074,VENTIDUE MARZO (CSO),23,,1516512.048,5034360.592,SALUTE,STUDI E ATTIVITA' PROFESSIONALI,FARMACIE PRIVATE,SERVIZI PRIVATI ESISTENTI,4,VENTRINI,IN ESERCIZIO,,PRIVATA,0
3086,ARCHIMEDE (VIA),20,,1516559.098,5034650.632,SALUTE,STUDI E ATTIVITA' PROFESSIONALI,FARMACIE PRIVATE,SERVIZI PRIVATI ESISTENTI,4,ARCHIMEDE,IN ESERCIZIO,,PRIVATA,0
3116,CONCORDIA (CSO),16,,1516429.438,5034939.782,SALUTE,STUDI E ATTIVITA' PROFESSIONALI,FARMACIE PRIVATE,SERVIZI PRIVATI ESISTENTI,4,CONCORDIA,IN ESERCIZIO,,PRIVATA,0
3118,INDIPENDENZA (CSO),14,,1516728.708,5034926.142,SALUTE,STUDI E ATTIVITA' PROFESSIONALI,FARMACIE PRIVATE,SERVIZI PRIVATI ESISTENTI,4,ITALIA SNC,IN ESERCIZIO,,PRIVATA,0
3152,SOTTOCORNO PASQUALE (VIA),1,,1516253.998,5034700.782,SALUTE,STUDI E ATTIVITA' PROFESSIONALI,FARMACIE PRIVATE,SERVIZI PRIVATI ESISTENTI,4,PREMUDA,IN ESERCIZIO,,PRIVATA,0
3074,VENTIDUE MARZO (CSO),37,,1517051.608,5034357.642,SALUTE,STUDI E ATTIVITA' PROFESSIONALI,FARMACIE PRIVATE,SERVIZI PRIVATI ESISTENTI,4,MOIZIO,IN ESERCIZIO,,PRIVATA,0
3101,SUSA (PLE),6,,1517485.538,5034929.822,SALUTE,STUDI E ATTIVITA' PROFESSIONALI,FARMACIE PRIVATE,SERVIZI PRIVATI ESISTENTI,4,SUSA SNC,IN ESERCIZIO,,PRIVATA,0
3074,VENTIDUE MARZO (CSO),52,,1517465.508,5034320.302,SALUTE,STUDI E ATTIVITA' PROFESSIONALI,FARMACIE PRIVATE,SERVIZI PRIVATI ESISTENTI,4,ANTICA FARMACIA DEL VERZIERE,IN ESERCIZIO,,PRIVATA,0
3214,STRIGELLI GAETANO (VIA),2,,1517023.228,5033623.132,SALUTE,STUDI E ATTIVITA' PROFESSIONALI,FARMACIE PRIVATE,SERVIZI PRIVATI ESISTENTI,4,FIORE,IN ESERCIZIO,,PRIVATA,0
3219,MARTINI FERDINANDO (PLE),3,,1517385.388,5033803.242,SALUTE,STUDI E ATTIVITA' PROFESSIONALI,FARMACIE PRIVATE,SERVIZI PRIVATI ESISTENTI,4,S. CAMILLO SNC,IN ESERCIZIO,,PRIVATA,0
3221,INSUBRIA (PZA),11,,1517292.518,5033237.442,SALUTE,STUDI E ATTIVITA' PROFESSIONALI,FARMACIE PRIVATE,SERVIZI PRIVATI ESISTENTI,4,INSUBRIA,IN ESERCIZIO,,PRIVATA,0
4097,VENOSA (VIA),4,,1517341.188,5032945.082,SALUTE,STUDI E ATTIVITA' PROFESSIONALI,FARMACIE PRIVATE,SERVIZI PRIVATI ESISTENTI,4,MORTARA,IN ESERCIZIO,,PRIVATA,0
4249,LODI (PLE),5,,1515972.988,5033140.132,SALUTE,STUDI E ATTIVITA' PROFESSIONALI,FARMACIE PRIVATE,SERVIZI PRIVATI ESISTENTI,4,LODI,IN ESERCIZIO,,PRIVATA,0
4279,COMACCHIO (VIA),4,,1517164.108,5031594.452,SALUTE,STUDI E ATTIVITA' PROFESSIONALI,FARMACIE PRIVATE,SERVIZI PRIVATI ESISTENTI,4,ABBAZIA DI CHIARAVALLE,IN ESERCIZIO,,PRIVATA,0
4287,BARABINO NICOLO' (VIA),3,,1517478.838,5031214.202,SALUTE,STUDI E ATTIVITA' PROFESSIONALI,FARMACIE PRIVATE,SERVIZI PRIVATI ESISTENTI,4,OMERO,IN ESERCIZIO,,PRIVATA,0
4288,ROSA GABRIELE (PLE),11,,1517515.958,5031662.002,SALUTE,STUDI E ATTIVITA' PROFESSIONALI,FARMACIE PRIVATE,SERVIZI PRIVATI ESISTENTI,4,S. RITA,IN ESERCIZIO,,PRIVATA,0
3357,UNGHERIA (VLE),10,,1519053.308,5032488.192,SALUTE,STUDI E ATTIVITA' PROFESSIONALI,FARMACIE PRIVATE,SERVIZI PRIVATI ESISTENTI,4,SANTA GIULIA,IN ESERCIZIO,,PRIVATA,0
3318,FORLANINI ENRICO (VLE),50,,1519080.398,5034269.082,SALUTE,STUDI E ATTIVITA' PROFESSIONALI,FARMACIE PRIVATE,SERVIZI PRIVATI ESISTENTI,4,FORLANINI,IN ESERCIZIO,,PRIVATA,0
3362,TOSCOLANO (VIA),1,,1518932.028,5033967.292,SALUTE,STUDI E ATTIVITA' PROFESSIONALI,FARMACIE PRIVATE,SERVIZI PRIVATI ESISTENTI,4,OVIDIO SNC,IN ESERCIZIO,,PRIVATA,0
4368,MONTE PALOMBINO (VIA),9,,1519122.798,5030992.692,SALUTE,STUDI E ATTIVITA' PROFESSIONALI,FARMACIE PRIVATE,SERVIZI PRIVATI ESISTENTI,4,PENNAGLIA,IN ESERCIZIO,,PRIVATA,0
3262,CORSICA (VLE),42,,1517909.808,5034311.992,SALUTE,STUDI E ATTIVITA' PROFESSIONALI,FARMACIE PRIVATE,SERVIZI PRIVATI ESISTENTI,4,TOSCHI,IN ESERCIZIO,,PRIVATA,0
3283,MASOTTO UMBERTO (VIA),1,,1518041.618,5034881.772,SALUTE,STUDI E ATTIVITA' PROFESSIONALI,FARMACIE PRIVATE,SERVIZI PRIVATI ESISTENTI,4,ARGONNE,IN ESERCIZIO,,PRIVATA,0
3344,PAREA CARLO (VIA),13,,1520626.488,5032248.802,SALUTE,STUDI E ATTIVITA' PROFESSIONALI,FARMACIE PRIVATE,SERVIZI PRIVATI ESISTENTI,4,MANCA SNC,IN ESERCIZIO,,PRIVATA,0
4068,LODI (CSO),62,,1516790.833,5032370.097,SALUTE,STUDI E ATTIVITA' PROFESSIONALI,FARMACIE PRIVATE,SERVIZI PRIVATI ESISTENTI,4,S. LUIGI,IN ESERCIZIO,,PRIVATA,0
4068,LODI (CSO),19,,1516147.938,5032991.972,SALUTE,STUDI E ATTIVITA' PROFESSIONALI,FARMACIE PRIVATE,SERVIZI PRIVATI ESISTENTI,4,CORSICO,IN ESERCIZIO,,PRIVATA,0
1114,FARINI CARLO (VIA),5,,1514215.424,5036722.341,SALUTE,STUDI E ATTIVITA' PROFESSIONALI,FARMACIE PRIVATE,SERVIZI PRIVATI ESISTENTI,2,GIANNONE,IN ESERCIZIO,,PRIVATA,0
6468,STUPARICH CARLO (PZA),4,,1511257.609,5036579.411,SALUTE,STUDI E ATTIVITA' PROFESSIONALI,FARMACIE PRIVATE,SERVIZI PRIVATI ESISTENTI,2,MODIANO,IN ESERCIZIO,,PRIVATA,0
7277,CASTELLI POMPEO (PZA),14,,1511823.679,5038480.961,SALUTE,STUDI E ATTIVITA' PROFESSIONALI,FARMACIE PRIVATE,SERVIZI PRIVATI ESISTENTI,2,CASTELLI,IN ESERCIZIO,,PRIVATA,0
6459,COLLECCHIO (VIA),4,,1511152.069,5036986.861,SALUTE,STUDI E ATTIVITA' PROFESSIONALI,FARMACIE PRIVATE,SERVIZI PRIVATI ESISTENTI,2,QT8,IN ESERCIZIO,,PRIVATA,0
6463,PERGINE (VIA),2,,1510776.989,5037108.111,SALUTE,STUDI E ATTIVITA' PROFESSIONALI,FARMACIE PRIVATE,SERVIZI PRIVATI ESISTENTI,2,S. MARIA NASCENTE SNC,IN ESERCIZIO,,PRIVATA,0
7221,MAC MAHON (VIA),111,,1511993.759,5038219.841,SALUTE,STUDI E ATTIVITA' PROFESSIONALI,FARMACIE PRIVATE,SERVIZI PRIVATI ESISTENTI,2,CARLETTI SAS,IN ESERCIZIO,,PRIVATA,0
7261,BODONI GIAMBATTISTA (VIA),19,,1511705.459,5037785.231,SALUTE,STUDI E ATTIVITA' PROFESSIONALI,FARMACIE PRIVATE,SERVIZI PRIVATI ESISTENTI,2,FUSCO,IN ESERCIZIO,,PRIVATA,0
7290,VARESINA (VIA),121,,1511064.479,5038631.041,SALUTE,STUDI E ATTIVITA' PROFESSIONALI,FARMACIE PRIVATE,SERVIZI PRIVATI ESISTENTI,2,VARESINA,IN ESERCIZIO,,PRIVATA,0
7390,ESPINASSE CARLO (VLE),30,,1511242.079,5038033.601,SALUTE,STUDI E ATTIVITA' PROFESSIONALI,FARMACIE PRIVATE,SERVIZI PRIVATI ESISTENTI,2,AMORETTI,IN ESERCIZIO,,PRIVATA,0
7477,KANT EMANUELE (VIA),8,,1509208.479,5038084.481,SALUTE,STUDI E ATTIVITA' PROFESSIONALI,FARMACIE PRIVATE,SERVIZI PRIVATI ESISTENTI,2,ZULIANI,IN ESERCIZIO,,PRIVATA,0
7496,DELLE ANDE (VIA),5,,1509820.079,5037894.471,SALUTE,STUDI E ATTIVITA' PROFESSIONALI,FARMACIE PRIVATE,SERVIZI PRIVATI ESISTENTI,2,COMINA,IN ESERCIZIO,,PRIVATA,0
7478,QUARENGHI GIACOMO (VIA),23,,1509022.769,5038108.661,SALUTE,STUDI E ATTIVITA' PROFESSIONALI,FARMACIE PRIVATE,SERVIZI PRIVATI ESISTENTI,2,POZZI,IN ESERCIZIO,,PRIVATA,0
6860,NATTA GIULIO (VIA),20,,1509262.969,5037266.731,SALUTE,STUDI E ATTIVITA' PROFESSIONALI,FARMACIE PRIVATE,SERVIZI PRIVATI ESISTENTI,2,LAMPUGNANO,IN ESERCIZIO,,PRIVATA,0
7174,CERTOSA (VLE),282,,1509825.599,5038765.761,SALUTE,STUDI E ATTIVITA' PROFESSIONALI,FARMACIE PRIVATE,SERVIZI PRIVATI ESISTENTI,2,LAGHI,IN ESERCIZIO,,PRIVATA,0
7438,FALCK ENRICO (VIA),19,,1508149.119,5038296.641,SALUTE,STUDI E ATTIVITA' PROFESSIONALI,FARMACIE PRIVATE,SERVIZI PRIVATI ESISTENTI,2,GI-DUE,IN ESERCIZIO,,PRIVATA,0
7517,BETTI UGO (VIA),159,,1508545.439,5038065.601,SALUTE,STUDI E ATTIVITA' PROFESSIONALI,FARMACIE PRIVATE,SERVIZI PRIVATI ESISTENTI,2,GALLARATESE,IN ESERCIZIO,,PRIVATA,0
7517,BETTI UGO (VIA),40,,1508771.869,5037701.751,SALUTE,STUDI E ATTIVITA' PROFESSIONALI,FARMACIE PRIVATE,SERVIZI PRIVATI ESISTENTI,2,MADONNINA,IN ESERCIZIO,,PRIVATA,0
7174,CERTOSA (VLE),121,,1510991.339,5037958.911,SALUTE,STUDI E ATTIVITA' PROFESSIONALI,FARMACIE PRIVATE,SERVIZI PRIVATI ESISTENTI,2,MERLINI SNC,IN ESERCIZIO,,PRIVATA,0
7223,PRINCIPE EUGENIO (VIA),19,,1512845.349,5037384.631,SALUTE,STUDI E ATTIVITA' PROFESSIONALI,FARMACIE PRIVATE,SERVIZI PRIVATI ESISTENTI,2,MAC MAHON,IN ESERCIZIO,,PRIVATA,0
7185,CANEVA CARLO (PZA),3,,1512648.989,5037110.041,SALUTE,STUDI E ATTIVITA' PROFESSIONALI,FARMACIE PRIVATE,SERVIZI PRIVATI ESISTENTI,2,CANEVA,IN ESERCIZIO,,PRIVATA,0
7188,PIERO DELLA FRANCESCA (VIA),3,,1513111.829,5036529.011,SALUTE,STUDI E ATTIVITA' PROFESSIONALI,FARMACIE PRIVATE,SERVIZI PRIVATI ESISTENTI,2,FARINATTI,IN ESERCIZIO,,PRIVATA,0
7188,PIERO DELLA FRANCESCA (VIA),38,,1512819.939,5036765.521,SALUTE,STUDI E ATTIVITA' PROFESSIONALI,FARMACIE PRIVATE,SERVIZI PRIVATI ESISTENTI,2,CASTELVETRO SNC,IN ESERCIZIO,,PRIVATA,0
7210,SARPI FRA' PAOLO (VIA),14,,1513983.369,5036499.091,SALUTE,STUDI E ATTIVITA' PROFESSIONALI,FARMACIE PRIVATE,SERVIZI PRIVATI ESISTENTI,1,PAOLO SARPI,IN ESERCIZIO,,PRIVATA,0
7210,SARPI FRA' PAOLO (VIA),62,,1513356.529,5036427.551,SALUTE,STUDI E ATTIVITA' PROFESSIONALI,FARMACIE PRIVATE,SERVIZI PRIVATI ESISTENTI,2,MARISCOTTI,IN ESERCIZIO,,PRIVATA,0
7235,BAIAMONTI ANTONIO (PLE),1,,1514188.429,5036543.891,SALUTE,STUDI E ATTIVITA' PROFESSIONALI,FARMACIE PRIVATE,SERVIZI PRIVATI ESISTENTI,1,COOPERATIVA FARMACEUTICA BAIMONTI,IN ESERCIZIO,,PRIVATA,0
6358,SEI FEBBRAIO (PZA),16,,1512659.119,5036035.361,SALUTE,STUDI E ATTIVITA' PROFESSIONALI,FARMACIE PRIVATE,SERVIZI PRIVATI ESISTENTI,2,ORIO,IN ESERCIZIO,,PRIVATA,0
6359,CASSIODORO (VLE),12,,1512544.569,5035681.131,SALUTE,STUDI E ATTIVITA' PROFESSIONALI,FARMACIE PRIVATE,SERVIZI PRIVATI ESISTENTI,2,CASSIODORO,IN ESERCIZIO,,PRIVATA,0
6426,SERRA RENATO (VLE),52,,1511725.749,5037258.461,SALUTE,STUDI E ATTIVITA' PROFESSIONALI,FARMACIE PRIVATE,SERVIZI PRIVATI ESISTENTI,2,SERRA,IN ESERCIZIO,,PRIVATA,0
7137,SEMPIONE (CSO),67,,1512536.689,5036795.021,SALUTE,STUDI E ATTIVITA' PROFESSIONALI,FARMACIE PRIVATE,SERVIZI PRIVATI ESISTENTI,2,CANOSSA,IN ESERCIZIO,,PRIVATA,0
7163,RUGGERO DI LAURIA (VIA),22,,1512260.569,5037059.631,SALUTE,STUDI E ATTIVITA' PROFESSIONALI,FARMACIE PRIVATE,SERVIZI PRIVATI ESISTENTI,2,FIRENZE,IN ESERCIZIO,,PRIVATA,0
7353,GAZZOLETTI ANTONIO (VIA),3,,1510643.999,5040485.121,SALUTE,STUDI E ATTIVITA' PROFESSIONALI,FARMACIE PRIVATE,SERVIZI PRIVATI ESISTENTI,2,LESSONA,IN ESERCIZIO,,PRIVATA,0
7369,LOPEZ SABATINO (VIA),3,,1511379.679,5040213.441,SALUTE,STUDI E ATTIVITA' PROFESSIONALI,FARMACIE PRIVATE,SERVIZI PRIVATI ESISTENTI,2,LA PIAZZETTA SNC,IN ESERCIZIO,,PRIVATA,0
7461,ALDINI ANTONIO (VIA),108,,1510119.999,5039777.281,SALUTE,STUDI E ATTIVITA' PROFESSIONALI,FARMACIE PRIVATE,SERVIZI PRIVATI ESISTENTI,2,PIMPINELLI,IN ESERCIZIO,,PRIVATA,0
7471,COGNE (VIA),9,,1510036.319,5040348.801,SALUTE,STUDI E ATTIVITA' PROFESSIONALI,FARMACIE PRIVATE,SERVIZI PRIVATI ESISTENTI,2,VIALBA,IN ESERCIZIO,,PRIVATA,0
7490,LESSONA MICHELE (VIA),2,,1510720.799,5039996.481,SALUTE,STUDI E ATTIVITA' PROFESSIONALI,FARMACIE PRIVATE,SERVIZI PRIVATI ESISTENTI,2,LANZANI,IN ESERCIZIO,,PRIVATA,0
7545,UNGARETTI GIUSEPPE (VIA),12,,1511145.759,5040243.521,SALUTE,STUDI E ATTIVITA' PROFESSIONALI,FARMACIE PRIVATE,SERVIZI PRIVATI ESISTENTI,2,OGGIARO,IN ESERCIZIO,,PRIVATA,0
7459,CINQUE MAGGIO (VIA),1,,1510326.239,5039582.081,SALUTE,STUDI E ATTIVITA' PROFESSIONALI,FARMACIE PRIVATE,SERVIZI PRIVATI ESISTENTI,2,VERCESI,IN ESERCIZIO,,PRIVATA,0
6400,SILVA GUGLIELMO (VIA),39,,1511530.939,5036106.241,SALUTE,STUDI E ATTIVITA' PROFESSIONALI,FARMACIE PRIVATE,SERVIZI PRIVATI ESISTENTI,2,TACCHELLA,IN ESERCIZIO,,PRIVATA,0
7208,SIGNORELLI LUCA (VIA),1,,1513582.719,5036474.391,SALUTE,STUDI E ATTIVITA' PROFESSIONALI,FARMACIE PRIVATE,SERVIZI PRIVATI ESISTENTI,2,MORETTI,IN ESERCIZIO,,PRIVATA,0
7215,SAN GALDINO (VIA),11,,1513047.579,5037089.921,SALUTE,STUDI E ATTIVITA' PROFESSIONALI,FARMACIE PRIVATE,SERVIZI PRIVATI ESISTENTI,2,CENISIO,IN ESERCIZIO,,PRIVATA,0
7079,LOMAZZO PAOLO (VIA),44,,1513353.379,5036740.171,SALUTE,STUDI E ATTIVITA' PROFESSIONALI,FARMACIE PRIVATE,SERVIZI PRIVATI ESISTENTI,2,PROCACCINI SNC,IN ESERCIZIO,,PRIVATA,0
7478,QUARENGHI GIACOMO (VIA),40,,1508729.079,5038411.811,SALUTE,STUDI E ATTIVITA' PROFESSIONALI,FARMACIE PRIVATE,SERVIZI PRIVATI ESISTENTI,2,VENTO,IN ESERCIZIO,,PRIVATA,0
6613,SAN GIMIGNANO (VLE),13,,1510653.229,5033722.982,SALUTE,STUDI E ATTIVITA' PROFESSIONALI,FARMACIE PRIVATE,SERVIZI PRIVATI ESISTENTI,5,CATTANEO FABIO,IN ESERCIZIO,,PRIVATA,0
6613,SAN GIMIGNANO (VLE),30,,1510723.819,5033971.302,SALUTE,STUDI E ATTIVITA' PROFESSIONALI,FARMACIE PRIVATE,SERVIZI PRIVATI ESISTENTI,5,CAMPIONI,IN ESERCIZIO,,PRIVATA,0
6646,PRIMATICCIO FRANCESCO (VIA),96,,1510441.579,5033443.632,SALUTE,STUDI E ATTIVITA' PROFESSIONALI,FARMACIE PRIVATE,SERVIZI PRIVATI ESISTENTI,5,S. EGIDIO,IN ESERCIZIO,,PRIVATA,0
5132,LORENTEGGIO (VIA),22,,1511660.969,5033428.792,SALUTE,STUDI E ATTIVITA' PROFESSIONALI,FARMACIE PRIVATE,SERVIZI PRIVATI ESISTENTI,5,PORTICI,IN ESERCIZIO,,PRIVATA,0
6611,CATERINA DA FORLI' (VLE),7,,1511530.629,5033991.312,SALUTE,STUDI E ATTIVITA' PROFESSIONALI,FARMACIE PRIVATE,SERVIZI PRIVATI ESISTENTI,5,S. CATERINA,IN ESERCIZIO,,PRIVATA,0
6111,WASHINGTON GIORGIO (VIA),98,,1512093.889,5033643.262,SALUTE,STUDI E ATTIVITA' PROFESSIONALI,FARMACIE PRIVATE,SERVIZI PRIVATI ESISTENTI,5,MATTALIA,IN ESERCIZIO,,PRIVATA,0
5132,LORENTEGGIO (VIA),208,,1509953.209,5032637.342,SALUTE,STUDI E ATTIVITA' PROFESSIONALI,FARMACIE PRIVATE,SERVIZI PRIVATI ESISTENTI,5,LORENTEGGIO,IN ESERCIZIO,,PRIVATA,0
6672,INGANNI ANGELO (VIA),81,,1509665.589,5033476.702,SALUTE,STUDI E ATTIVITA' PROFESSIONALI,FARMACIE PRIVATE,SERVIZI PRIVATI ESISTENTI,5,NUOVA INGANNI SNC,IN ESERCIZIO,,PRIVATA,0
5136,GIAMBELLINO (VIA),131,,1510588.479,5032528.052,SALUTE,STUDI E ATTIVITA' PROFESSIONALI,FARMACIE PRIVATE,SERVIZI PRIVATI ESISTENTI,5,BIAZZI,IN ESERCIZIO,,PRIVATA,0
5136,GIAMBELLINO (VIA),150,,1510193.414,5032393.407,SALUTE,STUDI E ATTIVITA' PROFESSIONALI,FARMACIE PRIVATE,SERVIZI PRIVATI ESISTENTI,5,S. CRISTOFORO,IN ESERCIZIO,,PRIVATA,0
5392,SCALABRINI GIOVANNI BATTISTA (LGO),6,,1511059.359,5032948.572,SALUTE,STUDI E ATTIVITA' PROFESSIONALI,FARMACIE PRIVATE,SERVIZI PRIVATI ESISTENTI,5,EUROPEA,IN ESERCIZIO,,PRIVATA,0
5136,GIAMBELLINO (VIA),64,,1511334.069,5032921.322,SALUTE,STUDI E ATTIVITA' PROFESSIONALI,FARMACIE PRIVATE,SERVIZI PRIVATI ESISTENTI,5,GIAMBELLINO,IN ESERCIZIO,,PRIVATA,0
6129,BOLIVAR SIMONE (PZA),11,,1511899.589,5033491.772,SALUTE,STUDI E ATTIVITA' PROFESSIONALI,FARMACIE PRIVATE,SERVIZI PRIVATI ESISTENTI,5,INTERNAZIONALE BOLIVAR,IN ESERCIZIO,,PRIVATA,0
5111,SOLARI ANDREA (VIA),40,,1512492.609,5033453.542,SALUTE,STUDI E ATTIVITA' PROFESSIONALI,FARMACIE PRIVATE,SERVIZI PRIVATI ESISTENTI,5,SOLARI,IN ESERCIZIO,,PRIVATA,0
5130,BERGOGNONE AMBROGIO DA FOSSANO (VIA),31,,1512848.269,5033413.292,SALUTE,STUDI E ATTIVITA' PROFESSIONALI,FARMACIE PRIVATE,SERVIZI PRIVATI ESISTENTI,5,BERGOGNONE,IN ESERCIZIO,,PRIVATA,0
5140,TROYA CARLO (VLE),11,,1512155.409,5033143.112,SALUTE,STUDI E ATTIVITA' PROFESSIONALI,FARMACIE PRIVATE,SERVIZI PRIVATI ESISTENTI,5,DEL NAVIGLIO,IN ESERCIZIO,,PRIVATA,0
5110,CONI ZUGNA (VLE),56,,1513374.309,5033656.822,SALUTE,STUDI E ATTIVITA' PROFESSIONALI,FARMACIE PRIVATE,SERVIZI PRIVATI ESISTENTI,5,CONI ZUGNA,IN ESERCIZIO,,PRIVATA,0
5114,COLOMBO CRISTOFORO (CSO),6,,1513420.539,5033482.072,SALUTE,STUDI E ATTIVITA' PROFESSIONALI,FARMACIE PRIVATE,SERVIZI PRIVATI ESISTENTI,5,NAZIONALE,IN ESERCIZIO,,PRIVATA,0
5114,COLOMBO CRISTOFORO (CSO),1,,1513543.889,5033558.397,SALUTE,STUDI E ATTIVITA' PROFESSIONALI,FARMACIE PRIVATE,SERVIZI PRIVATI ESISTENTI,5,COOPERATIVA FARMACEUTICA COLOMBO,IN ESERCIZIO,,PRIVATA,0
5267,RIMINI (VIA),29,,1513256.289,5031925.532,SALUTE,STUDI E ATTIVITA' PROFESSIONALI,FARMACIE PRIVATE,SERVIZI PRIVATI ESISTENTI,5,MONCUCCO,IN ESERCIZIO,,PRIVATA,0
5290,LODOVICO IL MORO (VIA),3,,1512187.119,5032690.562,SALUTE,STUDI E ATTIVITA' PROFESSIONALI,FARMACIE PRIVATE,SERVIZI PRIVATI ESISTENTI,5,DALMAZIO,IN ESERCIZIO,,PRIVATA,0
5308,MIANI GUGLIELMO (PZA),3,,1512170.264,5031607.342,SALUTE,STUDI E ATTIVITA' PROFESSIONALI,FARMACIE PRIVATE,SERVIZI PRIVATI ESISTENTI,5,BARONA,IN ESERCIZIO,,PRIVATA,0
5290,LODOVICO IL MORO (VIA),163,,1510134.269,5031948.412,SALUTE,STUDI E ATTIVITA' PROFESSIONALI,FARMACIE PRIVATE,SERVIZI PRIVATI ESISTENTI,5,VAI,IN ESERCIZIO,,PRIVATA,0
5150,DI PTA TICINESE (RIP),33,,1513674.829,5033144.042,SALUTE,STUDI E ATTIVITA' PROFESSIONALI,FARMACIE PRIVATE,SERVIZI PRIVATI ESISTENTI,5,DELLA RIPA,IN ESERCIZIO,,PRIVATA,0
5150,DI PTA TICINESE (RIP),99,,1512779.884,5032866.857,SALUTE,STUDI E ATTIVITA' PROFESSIONALI,FARMACIE PRIVATE,SERVIZI PRIVATI ESISTENTI,5,EREDI CATALUCCI SNC,IN ESERCIZIO,,PRIVATA,0
5120,STAZIONE DI PORTA GENOVA (PLE),3,,1513360.859,5033318.322,SALUTE,STUDI E ATTIVITA' PROFESSIONALI,FARMACIE PRIVATE,SERVIZI PRIVATI ESISTENTI,5,STAZIONE PORTA GENOVA SAS,IN ESERCIZIO,,PRIVATA,0
6710,DEI FIORDALISI (VIA),2,,1510761.629,5033027.962,SALUTE,STUDI E ATTIVITA' PROFESSIONALI,FARMACIE PRIVATE,SERVIZI PRIVATI ESISTENTI,5,FIORDALISI,IN ESERCIZIO,,PRIVATA,0
5236,PICHI MARIO (VIA),9,,1513735.519,5032669.422,SALUTE,STUDI E ATTIVITA' PROFESSIONALI,FARMACIE PRIVATE,SERVIZI PRIVATI ESISTENTI,5,ALZAIA PAVESE,IN ESERCIZIO,,PRIVATA,0
5133,TOLSTOI LEONE (VIA),17,,1511818.629,5033087.762,SALUTE,STUDI E ATTIVITA' PROFESSIONALI,FARMACIE PRIVATE,SERVIZI PRIVATI ESISTENTI,5,TOLSTOJ,IN ESERCIZIO,,PRIVATA,0
