,NON ATTRIBUITO,VIA USSI STEFANO   4,9,CENTRO SPORTIVO,,
,S.S. BAGGIO 2,VIA OLIVIERI ALESSIO   11,7,CALCIO A 11,,024599310
0239210739,LIDO DI MILANO,PLE LOTTO LORENZO   15,8,MINI GOLF,www.milanosport.it,0239266100
,COOP. AGRISPORT SEZIONE CALCIO,VIA DEL RICORDO   58,2,CENTRO SPORTIVO,,0227207742
,SOCIETA GINNASTICA MILANO 2000,VIA MARTIGNONI ADELE   1  A,2,CENTRO SPORTIVO,,02603288
,PRO PATRIA MILANO S.R.L.,VLE SARCA   205,9,ATLETICA,,026437519
,A.S.D. ATLETICO MILANO,VIA DEI CICLAMINI   18,6,CENTRO SPORTIVO,,024120207
,NON ATTRIBUITO,VIA DEGLI ANEMONI   8,6,CENTRO SPORTIVO,,0288456074
025468795,A.S. CALVAIRATE,VIA VISMARA GASPARE   3,4,CALCIO A 11,www.ascalvairate.com,025462083
,TENNIS CLUB AMBROSIANO,VIA FELTRE   33,3,CENTRO SPORTIVO,,0226414392
,G.S. LOMBARDINA,VIA SBARBARO CAMILLO   1,9,CALCIO A 11,,026469651
,S.S. SCARIONI 1925,VIA TUCIDIDE   10,3,CALCIO A 11,,0270102158
0248929182,MILANO SPORT SPA,VIA ARIOLI VENEGONI   9,7,PISCINA,www.milanosport.it,024566316
0248376073,MILANO SPORT SPA,VIA DEL CARDELLINO   3,6,NUOTO,www.milanosport.it,02417948
,CONI FIS CIRCOLO SPADA  MANGIAROTTI,VLE TUNISIA   35,2,PALESTRA,,026590166
0269540375,MILANO SPORT SPA,VIA SANT' ABBONDIO   12,5,PISCINA,www.milanosport.it,028466861
0243983187,MILANO SPORT SPA,VIA MONTEVIDEO   11,6,NUOTO,www.miltanosport.it,024695278
,COOPERATIVA DRIMS,VIA MECENATE   74,4,CENTRO SPORTIVO,,025061277
0289306784,LUIGI CARRARO,VIA DEI MISSAGLIA   146,5,CENTRO SPORTIVO,www.milanosport.it,028266540
,GIANNI BRERA,VLE BYRON GIORGIO   2,1,CENTRO SPORTIVO,www.comune.milano.it,02341924
,EMILIO COLOMBO,VIA DEL CARDELLINO   15,6,CENTRO SPORTIVO,,02410976
,U.S. VISCONTINI,VIA GIORGI FERDINANDO   10,8,CENTRO SPORTIVO,,024526610
0233494959,MARCO CAPPELLI - GIUSEPPE SFORZA,VIA LAMPUGNANO   80,8,CENTRO SPORTIVO,www.milanosport.it,0238004525
0240918173,MILANO SPORT SPA,VIA LAMENNAIS F.R.   20,7,PISCINA,www.milanosport.it,024526095
023762283,GIORDANO MASSOLA,VIA DON MINZONI GIOVANNI   4,9,CENTRO SPORTIVO,www.acgaribaldina1932.net,023762283
,A.S. IDEA SPORT PALLACANESTRO,VIA BRIVIO   1,8,CENTRO SPORTIVO,,0233403435
0239262162,XXV APRILE,VIA CIMABUE GIOVANNI   24,8,ATLETICA,www.milanosport.it,0239210769
0270200295,MARIO SAINI,VIA CORELLI ARCANGELO   136,3,CENTRO SPORTIVO,www.milanosport.it,027561280
0256810426,MILANO SPORT SPA,VIA MINCIO   13,4,PISCINA,www.milanosport.it,02538416
0248713719,GIUSEPPE MEAZZA,VIA DEI PICCOLOMINI 5,7,CENTRO SPORTIVO,www.sansiro.net,0248713713
,CAMERONI,VIA BECHI GIULIO   2,2,CENTRO SPORTIVO,www.crespimorbio.it,022576740
,S.S. SAVORELLI 1937,PZA CADUTI DEL LAVORO   5,5,CENTRO SPORTIVO,,0289511889
,A.C. ALDINIANA,VIA GRAF ARTURO   4,8,CENTRO SPORTIVO,,023574408
,U.S. ALDINI - BARIVIERA,VIA ORSINI FELICE   84,8,CALCIO A 5,,023557909
,F.C. ENOTRIA 1908,VIA CAZZANIGA CARLO   26,3,CALCIO A 11,,022566673
,FEDERAZIONE BRIDGE,VIA WASHINGTON GIORGIO   33,7,CENTRO SPORTIVO,,024691424
,CANOTTIERI MILANO,ALZ NAVIGLIO GRANDE   160,6,CENTRO SPORTIVO,,0248951211
,U.S. DINDELLI,VIA TREVIGLIO   6,2,CALCIO A 11,,022552386
,CARASSAI,VIA SANT' ABBONDIO   4,5,CALCIO A 11,www.fcvigejunior.it,0289500644
,S.S. IRIS 1914,VIA FARADAY MICHELE   15,6,CENTRO SPORTIVO,,0289121876
,COM. PROVINCIALE MOVIMENTO SPORT AZZURRO ITALIA,VIA PARENZO   2  A,6,CENTRO SPORTIVO,www.centrosportivoparenzo.it,028910351
,COOP. SPORTIVA VALLA,VIA VALLA LORENZO   1,5,TENNIS,,028465872
,A.S. TENNIS CLUB ANEMONI,VIA PONTI GIO'   3,6,CENTRO SPORTIVO,,024123436
,TC PORTA ROMANA,VIA SABINA   9,4,TENNIS,,0288456084
,A.S. JUNIOR TENNIS DARIO MATTEI GENTILI,VIA CAVRIANA   45,4,CENTRO SPORTIVO,,027388222
,POLISPORTIVA LE LUMACHE,VIA BARI   20,6,CENTRO SPORTIVO,,0288454398
,ASS.  POL.  ACCADEMIA INTERNAZIONALE CALCIO,VIA CILEA FRANCESCO   51,8,CENTRO SPORTIVO,,023539101
,A.S. UNIONE LOMBARDA,VIA PONTI GIO'   1,6,CENTRO SPORTIVO,,024152169
,COOP. AICS OLMI,VIA MOSCA ANTONIO   67,7,CENTRO SPORTIVO,,024564802
,ROGOREDO 84 A.S.D.,VIA PIZZOLPASSO FRANCESCO  25,4,CENTRO SPORTIVO,www.rogoredo84.it,0255700188
,A.S. BARONA,VIA SAN PAOLINO   9,6,CENTRO SPORTIVO,,028435661
,AS MOJAZZA,VIA PRAMPOLINI CAMILLO   3,9,GINNASTICA,www.asmojazza.org,340786269
,FEDERAZIONE ITALIANA GIOCO CALCIO,VIA LAGO DI NEMI   29,6,CENTRO SPORTIVO,www.centrosportivobettinelli.it,0236530766
,TENNIS SQUASH MEDIOLANUM,VIA MONTI VINCENZO   57 A,1,CALCIO A 5,,024690405
,CIRCOLO BOCCIOFILO CACCIALANZA PIETRO,VIA PADOVA   91,2,BOCCIODROMO,,022826059
0266118268,MILANO SPORT SPA,VIA BECCALI LUIGI   7,9,PISCINA,www.milanosport.it,0266103113
,FIN FEDERAZIONE ITALIANA NUOTO LAMPUGNANO,VIA LAMPUGNANO   76,8,PISCINA,,023088390
,CENTRO BALNEARE GIUSEPPE CAIMI,VIA BOTTA CARLO   18,4,NUOTO,www.milanosport.it,
,FRANCO SCARIONI,VIA VALFURVA   9,9,CENTRO BALNEARE,www.milanosport.it,026424236
,COMASINA A.S.D.,VIA SALEMI   19,9,CALCIO A 11,,0266202505
,A.C. BRUZZANO,VIA COMASINA   115,9,CALCIO A 11,,026458357
,A.S. TENNIS CLUB LOMBARDO,VIA SISMONDI GIANCARLO   8,4,CALCIO A 5,,0270123145
,NUOVA CANOTTIERI OLONA,ALZ NAVIGLIO GRANDE   146,6,CENTRO SPORTIVO,,0248951494
,POLITECNICO DI MILANO - CS MARIO GIURIATI,VIA CARLO PASCAL 6,3,CENTRO SPORTIVO,,0270600358
,MARIA REGINA PACIS,VIA KANT EMANUELE   8,8,CALCIO A 11,,0288456074
,SANTA BARBARA IN GRATOSOGLIO,VIA FERABOLI ACHILLE   27,5,CENTRO SPORTIVO,,0288454398
,SANTA MARIA ASSUNTA IN QUINTOSOLE,VIA QUINTOSOLE 40,5,CENTRO SPORTIVO,,
,SANTA MARIA MADRE DELLA CHIESA,VIA SAPONARO MICHELE   28,5,CENTRO SPORTIVO,,
,SAN GIOVANNI BONO,VIA SAN PAOLINO   20,6,PALLACANESTRO,,
,SACRA FAMIGLIA IN ROGOREDO,VIA MONTE PARALBA   15,4,CENTRO SPORTIVO,,
,SANTA MARIA LIBERATRICE,VIA SOLAROLI PAOLO   11,5,CALCIO A 11,,
,SAN MICHELE ARCANGELO E SANTA RITA,VIA DEI CINQUECENTO   1,4,CENTRO SPORTIVO,www.smsr.it,
,OGNISANTI,VIA BESSARIONE   25,4,CENTRO SPORTIVO,,
,SAN GREGORIO BARBARIGO,VIA BORDIGHERA   46,5,CENTRO SPORTIVO,,
,SANTI QUATTRO EVANGELISTI,VIA PEZZOTTI GIOVANNI   53,5,CENTRO SPORTIVO,www.4evangelisti.net,
,SAN SILVESTRO,VIA LODOVICO IL MORO   171,6,CENTRO SPORTIVO,,
,SANTI NAZARO E CELSO,VIA ZUMBINI BONAVENTURA   19,6,CENTRO SPORTIVO,www.parrocchiabarona.it,
,MADONNA DELLA MEDAGLIA MIRACOLOSA,VIA F.LLI ROSSELLI   6,4,CENTRO SPORTIVO,,
,SANTA MARIA DI CARAVAGGIO,VIA BRIOSCHI FRANCESCO   38,5,CENTRO SPORTIVO,,
,SAN LUIGI GONZAGA,VIA TAGLIAMENTO   10,4,CENTRO SPORTIVO,,
,BEATAVERGINE ADDOLORATA,VLE UNGHERIA   32,4,CENTRO SPORTIVO,,
,SAN CIPRIANO,VIA D'ADDA CARLO   31,6,PALLACANESTRO,,
,SAN CURATO D'ARS,LGO GIAMBELLINO   127,6,CENTRO SPORTIVO,,
,SANT'ANDREA,VIA CREMA   24,5,CENTRO SPORTIVO,,
,BEATA VERGINE IMMACOLATA E SANT'ANTONIO,VLE CORSICA   68,4,CENTRO SPORTIVO,,
,PREZIOSISSIMO SANGUE DI N.S.G.C.,VIA CIPRO   10,4,CENTRO SPORTIVO,,
,MADONNA DEI POVERI,PZA MADONNA DEI POVERI   1,7,TENNIS,,
,GESU' BUON PASTORE E S. MATTEO,VIA CABOTO SEBASTIANO   2,7,CENTRO SPORTIVO,,
,SAN VITTORE AL CORPO,VIA DEGLI OLIVETANI   3,1,CENTRO SPORTIVO,,
,SANTA MARIA DEL SUFFRAGIO,VIA BONVESIN DE LA RIVA   2,4,CENTRO SPORTIVO,,
,SANTI MM. NABORE E FELICE,VIA GULLI TOMMASO   62,7,CENTRO SPORTIVO,,
,SAN PROTASO,VIA OSOPPO   2,7,CENTRO SPORTIVO,,
,SANTA CROCE,VIA GOLDONI CARLO   75,3,CENTRO SPORTIVO,,
,SANTI MARTIRI NEREO E ACHILLEO,PZA SAN GEROLAMO   15,3,CENTRO SPORTIVO,,
,SAN VINCENZO DE' PAOLI,VIA PISACANE CARLO   32,3,CALCIO A 11,,
,MATER AMABILIS,VIA PREVIATI GAETANO   8,7,CENTRO SPORTIVO,,
,SAN MARCO,PZA SAN MARCO   2,1,CENTRO SPORTIVO,,
,BEATA VERGINE ADDOLORATA IN S. SIRO,PZA ESQUILINO   1,7,CENTRO SPORTIVO,,
,SANTA ELENA,PZA SANT' ELENA   5,7,CENTRO SPORTIVO,,
,MADONNA DELLA DIVINA PROVVIDENZA,VIA ARPINO   11,7,CENTRO SPORTIVO,,
,ORATORIO S. GIUSEPPE,VIA REDI FRANCESCO   21,3,CENTRO SPORTIVO,,
,SAN PIO X,VIA VILLANI GIOVANNI   2,3,CENTRO SPORTIVO,,
,SAN MARTINO IN LAMBRATE,VIA DEI CANZI   28,3,CENTRO SPORTIVO,,
,SANTO SPIRITO,VIA BASSINI EDOARDO   50,3,CENTRO SPORTIVO,,
,SANTA MARIA NASCENTE,PZA SANTA MARIA NASCENTE   2,8,CENTRO SPORTIVO,,
,SACRO VOLTO,VIA BORSIERI PIETRO   18,9,CENTRO SPORTIVO,,
,SAN IGNAZIO DI LOYOLA,VIA PISANI DOSSI CARLO ALBERTO   25,3,CENTRO SPORTIVO,,
,SANT'AGOSTINO,VIA COPERNICO NICOLO'   9,2,CALCIO A 11,,
,SAN GIOVANNI BATTISTA IN TRENNO,VIA RATTI LUIGI   24,8,CENTRO SPORTIVO,,
,SANTA CECILIA,VIA DELLA CASA GIOVANNI   15,8,CENTRO SPORTIVO,,
,SAN ROCCO AL GENTILINO,PZA CARO TITO LUCREZIO   7,5,CENTRO SPORTIVO,,
,SANTA MARCELLINA,VIA MOSCA ANTONIO   185,7,CENTRO SPORTIVO,,
,SANTI ANGELI CUSTODI,VIA COLLETTA PIETRO   21,4,CENTRO SPORTIVO,,
,SUORE MISERICORDINE,VIA CORSICO   10,6,CENTRO SPORTIVO,,
,SAN EUGENIO,VIA DEL TURCHINO   9,4,CENTRO SPORTIVO,,
,SAN PIO V,VIA LATTANZIO   60,4,CENTRO SPORTIVO,,
,MADONNA DELLA FEDE,VIA DELLE BETULLE   16,7,CENTRO SPORTIVO,,
,SAN GALDINO,VIA SALOMONE ORESTE   23,4,CENTRO SPORTIVO,,
,SAN GIOVANNI BATTISTA ALLA CRETA,PZA SAN GIOVANNI BATTISTA ALLA CRETA   11,6,CENTRO SPORTIVO,,
,SAN VINCENZO IN PRATO,VIA CONCA DEL NAVIGLIO   28,1,CENTRO SPORTIVO,,
,SANTA MARIA DEL ROSARIO,VIA BERGOGNONE AMBROGIO DA FOSSANO   8,6,CENTRO SPORTIVO,,
,SAN FRANCESCO DI SALES,VIA DELLA COMMENDA   37,1,CALCIO A 11,,
,SAN PIER GIULIANO EYMARD,VIA VALSESIA   96,7,CENTRO SPORTIVO,www.sanpiergiuliano.org,
0255011903,SANTI SILVESTRO E MARTINO,VLE LAZIO   19,4,CENTRO SPORTIVO,www.silvestromartino.com,0255189340
,CASA OPERE PARROCHIALI,VIA SFORZA FRANCESCO   44,1,CENTRO SPORTIVO,,
,SAN NICOLAO DELLA FLUE,VIA DALMAZIA   11,4,TENNIS,www.sannicolao.it,
,SAN LUIGI,VIA CABELLA BARTOLOMEO   18,7,CENTRO SPORTIVO,,
,SAN GIOVANNI CRISOTOMO,VIA CAMBINI LEONARDO   10,2,CENTRO SPORTIVO,,
,SANT'ANGELA MERICI PADRI SACRAMENTINI,VIA CAGLIERO GIOVANNI   26,2,CENTRO SPORTIVO,,
,GESU' MARIA E GIUSEPPE,VIA MAC MAHON   113,8,CENTRO SPORTIVO,,
,SANTA MARIA ASSUNTA IN TURRO,PZA ANELLI GIACOMO   4,2,CENTRO SPORTIVO,,0288454398
0240910888,HARBOUR CLUB MILANO,VIA CASCINA BELLARIA   19,7,BODY BUILDING,,02452861
,MILAN CLUB S. APOLLINARE,VIA CASTROVILLARI   14,7,CENTRO SPORTIVO,,0288456084
,J.F. KENNEDY,VIA OLIVIERI ALESSIO   15,7,BASEBALL,,0247996783
,ISTITUTO LEONE XIII,VIA ROSSETTI GABRIELE   4,8,CENTRO SPORTIVO,,024385021
,ASSOCIAZIONE QUARTO OGGIARO VIVIBILE,VIA INVERNIZIO CAROLINA   7,8,PALLACANESTRO,,023574577
,A.S. SEMPIONE HALF 1919,VIA ALDINI ANTONIO   77,8,CENTRO SPORTIVO,,0239002250
,CLUB DEGLI AMICI VILLAPIZZONE,VIA PERIN DEL VAGA   11,8,CENTRO SPORTIVO,,023086773
,G.S. S. ROMANO,VIA ARMANDO PICCHI    1,8,CENTRO SPORTIVO,,0238100024
,ASSOCIAZIONE  TENNIS CLUB NIEVO IPPOLITO,VIA UGUCCIONE DA PISA   1,8,CENTRO SPORTIVO,,0288456074
,FEDERAZIONE ITALIANA BOCCE BOCC. CANDIANI,VIA CANDIANI GIUSEPPE    26,9,BOCCIODROMO,,023760633
,SOCIETA' COOP. A R.L. TENNIS MASTER,VIA GOVONE GIUSEPPE   67,8,TENNIS,,023494041
,A.S. MASSERONI MARCHESE,VIA MADRUZZO CRISTOFORO   3,8,CALCIO A 11,,02466142
,GIOVANNI MAURO,VIA USSI STEFANO   18,9,CENTRO SPORTIVO,www.villacalcio.milano.it,026435564
0258100012,MILANO SPORT SPA,VIA SEGANTINI GIOVANNI   6,6,CENTRO BALNEARE,www.milanosport.it,0258100012
,SANTI GIOVANNI E PAOLO,VIA CATONE MARCO PORCIO   10,9,CENTRO SPORTIVO,,
,SANTA MARCELINA E SAN GIUSEPPE ALLA CERTOSA,VLE ESPINASSE CARLO   85,8,CENTRO SPORTIVO,,
,SAN GEROLAMO EMILIANI,VIA CALABRIA DON GIOVANNI   36,3,CENTRO SPORTIVO,,
,SAN MARTINO IN VILLAPIZZONE,PZA VILLAPIZZONE   10,8,CENTRO SPORTIVO,,
,SANTA TERESA DEL BAMBIN GESU',VIA ARISTOTELE   8,2,CENTRO SPORTIVO,,
,SAN CARLO ALLA CA' GRANDA,LGO RAPALLO   5,9,CENTRO SPORTIVO,,
,QIQJAN,VIA FARINI CARLO   17,8,CENTRO SPORTIVO,,
,SACRA FAMIGLIA,VIA BUONARROTI MICHELANGELO   49,8,CENTRO SPORTIVO,,
,SAN SIMPLICIANO,PZA SAN SIMPLICIANO   7,1,CALCIO A 11,,
,SAN FRANCESCO D'ASSISI AL FOPPONINO,VIA GIOVIO PAOLO   41,7,CENTRO SPORTIVO,,
,SANT'AMBROGIO,PZA SANT' AMBROGIO   15,1,CENTRO SPORTIVO,,
,ISITUTO CASATI,VIA ARENA   13,1,CENTRO SPORTIVO,,
,ISTITUTO SUORE SANTA DOROTEA DI CEMMO,VLE GIOVANNI DA CERMENATE   4,5,CENTRO SPORTIVO,,
,SANTA MARIA ANNUNCIATA IN CHIESA ROSSA,VIA NEERA ANNA   24,5,CENTRO SPORTIVO,,
,ISTITUTO ZACCARIA,VIA DELLA COMMENDA   3,1,CENTRO SPORTIVO,,
,MONASTERO S. BENEDETTO,VIA BELLOTTI FELICE   10,3,FITNESS MACCHINE,,
,MARIA AUSILIATRICE,VLE SUZZANI GIOVANNI   64,9,CENTRO SPORTIVO,,
,SANTA MARIA ROSSA,VIA BERRA DOMENICO   11,2,CENTRO SPORTIVO,,
,ANNUNCIAZIONE,VIA SCIALOIA VITTORIO   5,9,CENTRO SPORTIVO,,
,SAN MICHELE ARCANGELO IN PRECOTTO,VLE MONZA   224,2,CENTRO SPORTIVO,www.parrocchiasanmicheleprecotto.org,
,SAN FILIPPO NERI IN BOVISASCA,VIA GABBRO   2,9,CENTRO SPORTIVO,,
,SANT'AGNESE,VIA ARSIA   3,8,CENTRO SPORTIVO,,
,SANTA LUCIA,VIA DE ROBERTO FEDERICO   20,8,CENTRO SPORTIVO,,
,SAN MARTINO IN NIGUARDA,PZA BELLOVESO   5,9,CENTRO SPORTIVO,,
,G.S. LA SPEZIA CALCIO,VLE FAMAGOSTA   79,6,CENTRO SPORTIVO,,0289501307
,FEDERAZIONE GINNASTICA D'ITALIA,VIA OVADA   40,6,CENTRO SPORTIVO,www.fgilombarida.it,0289122083
,PALAUNO,LARGO BALESTRA ANTONIO   5,6,CENTRO SPORTIVO,,024235448
0248300873,GIORDANO DELL'AMORE,VIA GONIN FRANCESCO   16,6,CENTRO SPORTIVO,www.lorenteggio.sistemacalcio.com,0248300873
,A.S. CAMPO OLIMPIA,VIA SODERINI LUIGI   41 2,6,CENTRO SPORTIVO,,
,U.S.  ACLI  I  S.C.R.L.,VIA LOPE DE VEGA FELICE   35,6,CENTRO SPORTIVO,www.aclimilano.com/impianti,0289128379
024121821,AGORA',VIA DEI CICLAMINI   23,6,CENTRO SPORTIVO,www.stadioghiaccio.it,0248300946
,ISTITUTO SALESIANO DON BOSCO,VIA GIOIA MELCHIORRE   50,2,CENTRO SPORTIVO,,
,ACCADEMIA DEL KARATE STUDIO SHIRAI,VIA FRIULI   65,4,GINNASTICA,, 025516054
02782693,STUDIO PILATES SRL,VIA MORELLI GIOVANNI   4,1,GINNASTICA,,02782693
023088183,FUORI DI DANZA SNC DI C. RICHARDSON E G. RIVA,VIA GALLARATE   50,8,GINNASTICA,,023088183
,ALBERO DELLA VITA,VIA GORKI MASSIMO   1,6,GINNASTICA,,02428675
0229529213,PALESTRA LORINI CENTRO BENESSERE JING QI,VIA KRAMER ANTONIO   32,3,GINNASTICA,, 0229529213
025513785,ISTITUTO EDMONDO DE AMICIS,VIA LAMARMORA ALFONSO   34,1,GINNASTICA,,0255195153
0248009979,ISTITUTO LEONE XIII,VIA LEONE XIII   12,8,GINNASTICA,,024385021
0229536117,MILANO SPORT SPA,VIA PICCINNI NICOLA   8,3,PISCINA,www.milanosport.it,0229400393
0243983187,MILANO SPORT SPA,VIA MONTEVIDEO   11,6,PISCINA,www.miltanosport.it,024695278
0233202100,CANTU',VIA GRAF ARTURO   8,8,PISCINA,www.milanosport.it,023559104
,MILANO SPORTIVA A.S.D,VIA ISEO   10,9,NUOTO,www.csiseo.it,0297384581
,MILANO SPORTIVA A.S.D,VIA ISEO   4,9,TENNIS,www.csiseo.it,0297384581
,ANTONIO MASPES - VIGORELLI,VIA ARONA   19,8,CENTRO SPORTIVO,www.milanosport.it,023311513
0239210739,LIDO DI MILANO,PLE LOTTO LORENZO   15,8,CENTRO SPORTIVO,www.milanosport.it,0239266100
0239210739,PALALIDO,PZA STUPARICH CARLO   1,8,CENTRO SPORTIVO,www.milanosport.it,0239266100
0239262162,XXV APRILE,VIA CIMABUE GIOVANNI   24,8,CENTRO SPORTIVO,www.milanosport.it,0239262162
,SAN GIOVANNI BATTISTA ALLA BICOCCA,VIA LA FARINA GIUSEPPE   15,9,CENTRO SPORTIVO,,
,SANTA GIUSTINA,VLE AFFORI   12,9,CENTRO SPORTIVO,,
,RESURREZIONE,VIA LESSONA MICHELE   70,8,CENTRO SPORTIVO,,
,CRISTO RE,VIA GALENO CLAUDIO   32,2,CENTRO SPORTIVO,,
,SAN BERNARDO IN COMASINA,PZA GASPARRI PIETRO   11,9,CENTRO SPORTIVO,,
,ORATORIO CENTRO GIOVANILE SAN LUIGI,VIA ACERBI ENRICO   12,9,PALLACANESTRO,,
,SAN BASILIO,VIA CAROLI LUIGI   12,2,CENTRO SPORTIVO,,
,A.C. CRESCENZAGO,VIA TRASIMENO   25,2,CENTRO SPORTIVO,www.ac-crescenzago.it,027207408
,FIN FEDERAZIONE ITALIANA NUOTO SAMUELE,VIA TRANI   1,4,PISCINA,,025061347
02502918,A.C. MACALLESI 1927,VLE UNGHERIA   5,4,CENTRO SPORTIVO,www.macallesi.it,025061901
,ASSOCIAZIONE  TENNIS PORTA ROMANA,LGO PARENTI FRANCO   2,4,FITNESS MACCHINE,,025460946
,C.S. FATIMA,VIA CHOPIN FEDERICO   81,5,CENTRO SPORTIVO,,025693053
,A.S. LOMBARDIA UNO POLISPORTIVA,VIA DE NICOLA ENRICO   3,6,CENTRO SPORTIVO,,028135386
,ASSOCIAZIONE SPORTIVA 70A DANCE & FITNESS,VLE ABRUZZI   70  A,3,FITNESS MACCHINE,,0229406119
,ACQUAMICA SRL,VIA DI TOCQUEVILLE ALESSIO   7,9,FITNESS MACCHINE,,026554677
,ALTAGUARDIA 6 SRL PALESTRA CENTRO ESTETICO,VIA ALTAGUARDIA   6,5,FITNESS MACCHINE,, 0258302528
,A.S. CRISTAL CLUB,VIA AMPERE ANDREA MARIA   122,3,FITNESS MACCHINE,,0226111950
0233611488,FIGURELLA MILANO SEMPIONE,VIA LONDONIO FRANCESCO   20,8,GINNASTICA,, 0233611486
,ACCADUEO' & AREATERRA,VLE LUCANIA   27,4,GINNASTICA,,0255230786
,AIKIDO PALESTRA,VIA LULLI GIOVANNI   30,3,GINNASTICA,,022896939
028460880,ECOLIFE EVOLUZIONE SALUTE E AMBIENTE SRL,PZA AGRIPPA MARCO   12,5,GINNASTICA,,028460880
,FISIO DYNAMIC SA DI R. CAPUANA,VIA MAIOCCHI ACHILLE   8,3,GINNASTICA,,02201359
0289054669,ACCADEMIA EUROPEA,VIA MELZO   9,3,GINNASTICA,,0229409080
0267078197,MILANO SPORT SPA,VIA DE MARCHI EMILIO   17,2,PISCINA,www.milanosport.it,026706063
022593610,OPEN DANCE CENTER SRL,VIA MEUCCI ANTONIO   73,2,GINNASTICA,,0227201180
0227001350,FIGURELLA MILANO PRECOTTO,VLE MONZA   261,2,GINNASTICA,,0227003253
,ISTITUTO SALESIANO DON BOSCO,VIA TONALE   19,2,CENTRO SPORTIVO,,
,SANTA MARIA BELTRADE,VIA OXILIA NINO   8,2,CENTRO SPORTIVO,,
,SAN GABRIELE IN MATER DEI,VIA TERMOPILI   5,2,CENTRO SPORTIVO,,
,SAN DOMENICO SAVIO,VIA ROVIGNO   19,2,CENTRO SPORTIVO,,
,SAN GIUSEPPE DEI MORENTI,VIA CELENTANO BERNARDO   14,2,CENTRO SPORTIVO,,
,ISTITUTO SAN GIUSEPPE,VIA DE LA SALLE SAN GIOVANNI BATTISTA   5,2,CENTRO SPORTIVO,,
,SAN LEONE MAGNO,VIA CARNIA   14,3,CENTRO SPORTIVO,,
,ORATORIO GIOVANNI XXIII,VIA PITTERI RICCARDO   54,3,CENTRO SPORTIVO,,
,A.S. ALEX CLUB A-B-C-,VIA MOTTARONE   2,8,FITNESS MACCHINE,,0233002432
02714013,NEW FITNESS CLUB,VIA NULLO FRANCESCO   14,3,GINNASTICA,,02714013
0286454496,HISO SRL CENTRO TERAPIA FISICA RIABILITATIVA,VIA OLMETTO   5,1,GINNASTICA,,0286454561
0226680685,CENTRO POLISPECIALISTICO PACINI SRL,VIA PACINI GIOVANNI   15,3,GINNASTICA,,022361230
,FISIC CENTER ASSOCIAZIONE SPORTIVA DILETTANTISTICA,VIA PANTIGLIATE   4,6,GINNASTICA,,024158582
0258103140,FIGURELLA MILANO SOLARI,VLE PAPINIANO   45,1,FITNESS MACCHINE,,0258103160
,ENZO MONTANARI SHOTOKAN KARATE STUDIO SAS,VIA PETRARCA FRANCESCO   8,1,FITNESS MACCHINE,,024982764
0226147471,AIKIDO DI FUJIMOTO YOJI,VIA PIRANDELLO LUIGI   4,7,GINNASTICA,,022896939
0248017658,ICOS ASSOCIAZIONE SPORTIVA DILETTANTISTICA,VIA PIRANDELLO LUIGI   4,7,GINNASTICA,,02462551 _ 02462851
,SPORTING LIFE STUDIO ALLEGRA SRL,VIA PRINA GIUSEPPE   15,8,GINNASTICA,,0233105530
0234535169,GREENLINE WELLNESS CENTER SRL,VIA PROCACCINI GIULIO CESARE   36,8,GINNASTICA,,0293501170
0258314402,FIGURELLA MILANO PORTA ROMANA,VIA QUADRONNO   34,1,GINNASTICA,, 0258314343
,ASSOCIAZIONE SPORTIVA DILETTANTISTICA FI.T.LU.,VLE RANZONI DANIELE   21,7,GINNASTICA,,0248700180
,U.S. TRIESTINA 1946,VIA FLEMING ALESSANDRO   13,7,CALCIO A 11,,0240090479
,U.S. QUINTO ROMANO,VIA DE SICA VITTORIO   14,7,CALCIO A 11,www.usquintoromano.it,0248202858
,PARROCCHIA  S.S. NABORE E FELICE,PLE PERRUCCHETTI GIUSEPPE   2,7,CALCIO A 7,,0248701531
,POLISPORTIVA AICS FIGINO,VIA MOLINETTO   64,7,CENTRO SPORTIVO,,
,U.S. GESCAL BOYS,VIA OLIVIERI ALESSIO   9,7,CALCIO A 5,,024564671
,S.S. ALCIONE CALCIO,VIA OLIVIERI ALESSIO   13,7,CENTRO SPORTIVO,www.ssalcione.com,024531615
,CIRCOLO  ARCI OLMI,VIA DEGLI ULIVI   2,7,CENTRO SPORTIVO,,0248911144
,POLISPORTIVA VALSESIA,VIA VALSESIA   20 8,7,CALCIO A 7,,
,SELLA NUOVA S.R.L.,VIA VITERBO   4,7,CENTRO SPORTIVO,,
0234531118,CENTRO SPORTIVO GIOVANNI DA PROCIDA,VIA GIOVANNI DA PROCIDA   20,8,CENTRO SPORTIVO,www.milanosport.it,0233104970
0270638558,GIANFRANCO CRESPI,VIA VALVASSORI PERONI CARLO   48,3,CENTRO SPORTIVO,www.milanosport.it,022361066
,SOCIETA' GINNASTICA MILANESE FORZA E CORAGGIO,VIA GALLURA   8,5,CENTRO SPORTIVO,www.forzaecoraggio.com,0257300130
,FOSSATI PALESTRA GIORDANI,VIA CAMBINI LEONARDO   4,2,GINNASTICA ATTREZZISTICA,www.milanosport.it,022820544
,GREPPI DAJELLI,VLE FAENZA   7,6,CENTRO SPORTIVO,,02810202
,VITTORIO POZZO,VIA POZZOBONELLI GIUSEPPE   4,9,CENTRO SPORTIVO,,026433866
,SAN DOMENICO SAVIO,VIA CUFRA   3,9,CENTRO SPORTIVO,,
,SAN MATERNO,VIA F.LLI ZANZOTTERA   19,7,CENTRO SPORTIVO,,
0248915475,SANT'ANSELMO DA BAGGIO V.,VIA MANARESI CESARE   13,7,CENTRO SPORTIVO,www.santanselmodabaggio.it,0248915475
,SAN GIOVANNI BOSCO,VIA MAR NERO   10,7,CENTRO SPORTIVO,,
,SANTI PATRONI D'ITALIA,VIA ARZAGA   23,6,CENTRO SPORTIVO,www.santipatroni.it,
,SAN BABILA SPORTCLUB,CSO VENEZIA   2  A,1,GINNASTICA,,0276394297
,A.S. FREE TIME CENTER,VIA VERRO BERNARDINO   62,5,GINNASTICA,, 0289531105
,VICO CLUB,VIA VICO GIAN BATTISTA   38,1,GINNASTICA,,0234934302
027383118,A.S.D. GYNNIC CLUB,VIA ZANELLA GIACOMO   60,4,GINNASTICA,,027383118
,FOSSATI PALESTRA GIORDANI,VIA CAMBINI LEONARDO   4,2,TENNIS,www.milanosport.it,022820544
0262345198,ROBERTO COZZI,VLE TUNISIA   35,2,PISCINA,www.milanosport.it,026599703
,ACCADEMIA DELLE ARTI MARZIALI,VIA ARIBERTO DA INTIMIANO   3,1,FITNESS MACCHINE,,0289404524
024045694,CASA DEI BAMBINI MONTESSORI,VIA AROSIO   3,7,FITNESS MACCHINE,, 024045694_024043493
026460485,HOCKEY CLUB MILANO 24 SRL,VIA ASSIETTA   19,9,FITNESS MACCHINE,www.hcm24.it,026621611
022871566,PALESTRA LEONARDO,VIA BATTAGLIA NATALE   6,2,GINNASTICA,,022892869
,ASSOCIAZIONE SPORTIVA CLUB 43,VIA BORDIGHERA   43,5,GINNASTICA,, 0289512737
02878780,SANTOMASOSEI LA PALESTRA,VIA BROLETTO   28,1,GINNASTICA,,02878780_ 02876902
,PALESTRA MOVE AP,VIA BULLONA   12,8,GINNASTICA,,0234592536
0287381261,PILATES CESARE DA SESTO 24,VIA CESARE DA SESTO   24,1,GINNASTICA,,0287381261
,QUICK & SLOW - CENTRO DANZA,VIA CAPECELATRO ALFONSO   22,7,GINNASTICA,,0240070046
,VICO CENISIO,VIA CENISIO   10  A,8,FITNESS MACCHINE,,0234934302
024980506,PALESTRA SPORTIME SIMONETTA MORO,VIA CIMAROSA DOMENICO   7,7,GINNASTICA,,024818028
026599765,CLUB FRANCESCO CONTI,CSO COMO   15,9,GINNASTICA,,026570294
,HARMONIEDUCORPS STUDIO,VLE CONI ZUGNA   8,7,GINNASTICA,,0248198496
,DYNAMIKA PALESTRA,VIA CUCCHIARI DOMENICO   4,8,GINNASTICA,,02317504
,ARMONIA PENSIERO IN MOVIMENTO,VIA CUSANI   1,1,GINNASTICA,,0286462927
024694574,FIGURELLA MILANO FRUA,PZA DE ANGELI ERNESTO   7,7,GINNASTICA,, 024694061
,CORPO Y LAMA,VIA EUSTACHI BARTOLOMEO   22,3,GINNASTICA,,0289057116
0289057116,ACTIVITY SRL,VIA EUSTACHI BARTOLOMEO   22,3,GINNASTICA,,0289057116
,ANDREW'S QUARE,VIA FRIULI   50,4,GINNASTICA,,0255196033
0254121130,PLUS 1 GYM CONCEPT,VIA FRIULI   8,4,GINNASTICA,,0254121130
,A.S. NEW GYMNIKA,VIA RUCELLAI BERNARDO   20,2,GINNASTICA,,022579400
,FIGURELLA MILANO SAN BABILA,PZA SAN BABILA   5,1,GINNASTICA,,0276002567
0258301519,OLISTICA SALUS,VIA SAN MARTINO   14,1,GINNASTICA,, 0258300910
0272003980,FIGURELLA MILANO,VIA SAN PROSPERO   4,1,GINNASTICA,,0272003960
,BICOCCA VILLAGE,VLE SARCA   336,9,GINNASTICA,, 0266101276
0287389823,HUMANKINESIS RIABILITAZIONE INTEGRATA,VLE SARCA   336,9,GINNASTICA,,0287389820
,ASSOCIAZIONE HARA YOGA ASS,VIA SAVONA   10,6,GINNASTICA,,0289422500
02782087,ANGELO CAROLI,VIA SENATO   11,1,GINNASTICA,,0276028517
,CENTRI SHIATSU SHIN WA,VIA SETTEMBRINI LUIGI   52,3,GINNASTICA,, 0229404540
,WELLNESS,VIA TAGLIAMENTO   19,4,GINNASTICA,, 025691181
0236514463,IL VASO DI PANDORA,VIA TARTINI GIUSEPPE   38,9,GINNASTICA,, 0236514463
,PALESTRA FIT HARMONY,VIA CINQUE MAGGIO   11,8,GINNASTICA,,0297377525
02876452,PALESTRA VERTICAL FIT,VIA MERAVIGLI   12,1,GINNASTICA,,02876452
,IMMACOLATA CONCEZIONE,PZA FRATTINI PIETRO   1,6,CENTRO SPORTIVO,,
,SAN GIUSEPPE CALASANZIO,VIA GNOCCHI DON CARLO   16,7,CENTRO SPORTIVO,,
,CONVENTO DEI CAPUCCINI,PLE VELASQUEZ DIEGO   1,7,CENTRO SPORTIVO,,
,SANTI MARTIRI ANAUNIESI,VIA BETTI UGO   62,8,CENTRO SPORTIVO,,
,SAN LEONARDO DA PORTO MAURIZIO,VIA BORSA MARIO   50,8,CENTRO SPORTIVO,,
,MARIA ASSUNTA IN CERTOSA,VIA PARETO VILFREDO   2,8,CENTRO SPORTIVO,,
,SANTI MM. NAZARO E CELSO,VIA ALDINI ANTONIO   33,8,CENTRO SPORTIVO,www.nazaroecelso.it,
,SAN GAETANO,VIA MAC MAHON   92,8,CENTRO SPORTIVO,,
,A.S.D. RUGBY MILANO,VIA LICATA   41,3,CALCIO A 11,,
,COOPERATIVA DRIMS,VIA MECENATE   74,4,TENNIS TAVOLO,,025061277
,G.S. FROGMONTEGANI LA ROSSA,VIA NOCE TERESA   5,5,CALCIO A 5,www.informacalcio.it/qsfrogmontegani.larossa,028266730
,U.S. GESCAL BOYS,VIA OLIVIERI ALESSIO   9,7,CENTRO SPORTIVO,,024564671
0239262162,XXV APRILE,VIA CIMABUE GIOVANNI   24,8,TENNIS,www.milanosport.it,0239262162
,DONATO PAVESI - PALESTRA CARLO GALIMBERTI,VIA DE LEMENE FRANCESCO   3,8,CENTRO SPORTIVO,,0239215190
,G.S. AFFORESE,VIA ASSIETTA   48,9,CENTRO SPORTIVO,,
,A.S.I. - ALLEANZA SPORTIVA ITALIANA,VIA PASTA GIUDITTA   41,9,CALCIO A 11,,
,NIGUARDA CALCIO A.S.D.,VIA CESARI ANTONIO   38,9,CENTRO SPORTIVO,,
,CAMPO LIBERO PLE ACCURSIO FRANCESCO,PLE ACCURSIO FRANCESCO,8,PALLACANESTRO,,
,CAMPO LIBERO VLE ARGONNE,VLE ARGONNE,4,PALLACANESTRO,,
,CAMPO LIBERO PZA ASPROMONTE,PZA ASPROMONTE,3,PALLACANESTRO,,
,CAMPO LIBERO VIA BISCEGLIE  SNC,VIA BISCEGLIE  SNC,6,PALLACANESTRO,,
,CAMPO LIBERO VIA CROCE BENEDETTO,VIA CROCE BENEDETTO,8,PALLACANESTRO,,
,CAMPO LIBERO VLE CA' GRANDA,VLE CA' GRANDA,9,PALLACANESTRO,,
,CAMPO LIBERO VIA CALABRIA DON GIOVANNI,VIA CALABRIA DON GIOVANNI,3,PALLACANESTRO,,
,CAMPO LIBERO VIA DEZZA GIUSEPPE,VIA DEZZA GIUSEPPE,7,PALLACANESTRO,,
,CAMPO LIBERO PLE FARINA SALVATORE,PLE FARINA SALVATORE,2,PALLACANESTRO,,
,MARIA REGINA PACIS,VIA KANT EMANUELE   8,8,PALLACANESTRO,,
,SANTA BARBARA IN GRATOSOGLIO,VIA FERABOLI ACHILLE   27,5,CALCIO A 11,,
,SANTA BARBARA IN GRATOSOGLIO,VIA FERABOLI ACHILLE   27,5,PALLACANESTRO,,
,SANTA MARIA ASSUNTA IN QUINTOSOLE,VIA QUINTOSOLE   40,5,CALCIO A 11,,
,SANTA MARIA ASSUNTA IN QUINTOSOLE,VIA QUINTOSOLE   40,5,PALLACANESTRO,,
,SANTA MARIA MADRE DELLA CHIESA,VIA SAPONARO MICHELE   28,5,CALCIO A 11,,
,MARIA ASSUNTA IN CERTOSA,VIA PARETO VILFREDO   2,8,PALLAVOLO,,
,SANTI MM. NAZARO E CELSO,VIA ALDINI ANTONIO   33,8,CALCIO A 11,www.nazaroecelso.it,
,SANTI MM. NAZARO E CELSO,VIA ALDINI ANTONIO   33,8,PALLACANESTRO,www.nazaroecelso.it,
,SAN GAETANO,VIA MAC MAHON   92,8,CALCIO A 11,,
,QIQJAN,VIA FARINI CARLO   17,8,PALLACANESTRO,,
,SACRA FAMIGLIA,VIA BUONARROTI MICHELANGELO   49,8,CALCIO A 11,,
,SAN SIMPLICIANO,PZA SAN SIMPLICIANO   7,1,CENTRO SPORTIVO,,
,SAN FRANCESCO D'ASSISI AL FOPPONINO,VIA GIOVIO PAOLO   41,7,PALLACANESTRO,,
,SANT'AMBROGIO,PZA SANT' AMBROGIO   15,1,CALCIO A 11,,
,ISITUTO CASATI,VIA ARENA   13,1,PALLAVOLO,,
,ISITUTO CASATI,VIA ARENA   13,1,TENNIS,,
,ISTITUTO SUORE SANTA DOROTEA DI CEMMO,VLE GIOVANNI DA CERMENATE   4,5,CALCIO A 11,,
,SANTA MARIA ANNUNCIATA IN CHIESA ROSSA,VIA NEERA ANNA   24,5,CALCIO A 11,,
,SAN GIOVANNI BONO,VIA SAN PAOLINO   20,6,CENTRO SPORTIVO,,
,SACRA FAMIGLIA IN ROGOREDO,VIA MONTE PARALBA   15,4,CALCIO A 11,,
,SANTA MARIA LIBERATRICE,VIA SOLAROLI PAOLO   11,5,CENTRO SPORTIVO,,
,SANTA MARIA LIBERATRICE,VIA SOLAROLI PAOLO   11,5,PALLACANESTRO,,
,SAN MICHELE ARCANGELO E SANTA RITA,VIA DEI CINQUECENTO   1,4,CALCIO A 11,www.smsr.it,
,SAN MICHELE ARCANGELO E SANTA RITA,VIA DEI CINQUECENTO   1,4,PALLACANESTRO,www.smsr.it,
,SAN MICHELE ARCANGELO E SANTA RITA,VIA DEI CINQUECENTO   1,4,TENNIS,www.smsr.it,
,OGNISANTI,VIA BESSARIONE   25,4,CALCIO A 11,,
,SAN GREGORIO BARBARIGO,VIA BORDIGHERA   46,5,CALCIO A 11,,
,SANTI QUATTRO EVANGELISTI,VIA PEZZOTTI GIOVANNI   53,5,CALCIO A 11,www.4evangelisti.net,
,SANTI QUATTRO EVANGELISTI,VIA PEZZOTTI GIOVANNI   53,5,PALLACANESTRO,www.4evangelisti.net,
,SAN SILVESTRO,VIA LODOVICO IL MORO   171,6,CALCIO A 11,,
,SAN SILVESTRO,VIA LODOVICO IL MORO   171,6,PALLACANESTRO,,
,SANTA MARIA ANNUNCIATA IN CHIESA ROSSA,VIA NEERA ANNA   24,5,PALLAVOLO,,
,ISTITUTO ZACCARIA,VIA DELLA COMMENDA   3,1,CALCIO A 11,,
,ISTITUTO ZACCARIA,VIA DELLA COMMENDA   3,1,PALLACANESTRO,,
,ISTITUTO SALESIANO DON BOSCO,VIA GIOIA MELCHIORRE   50,2,PALLACANESTRO,,
,ISTITUTO SALESIANO DON BOSCO,VIA TONALE   19,2,PALLACANESTRO,,
,ISTITUTO SALESIANO DON BOSCO,VIA TONALE   19,2,PALLAVOLO,,
,SANTA MARIA BELTRADE,VIA OXILIA NINO   8,2,PALLACANESTRO,,
,SAN GABRIELE IN MATER DEI,VIA TERMOPILI   5,2,PALLAVOLO,,
,SAN DOMENICO SAVIO,VIA ROVIGNO   19,2,PALLACANESTRO,,
,SAN DOMENICO SAVIO,VIA ROVIGNO   19,2,PALLAVOLO,,
,SAN GIUSEPPE DEI MORENTI,VIA CELENTANO BERNARDO   14,2,PALLAVOLO,,
,ISTITUTO SAN GIUSEPPE,VIA DE LA SALLE SAN GIOVANNI BATTISTA   5,2,CALCIO A 11,,
,SANTI NAZARO E CELSO,VIA ZUMBINI BONAVENTURA   19,6,CALCIO A 11,www.parrocchiabarona.it,
,SANTI NAZARO E CELSO,VIA ZUMBINI BONAVENTURA   19,6,PALLACANESTRO,www.parrocchiabarona.it,
,MADONNA DELLA MEDAGLIA MIRACOLOSA,VIA F.LLI ROSSELLI   6,4,CALCIO A 11,,
,ISTITUTO SAN GIUSEPPE,VIA DE LA SALLE SAN GIOVANNI BATTISTA   5,2,CALCIO A 5,,
,ISTITUTO SAN GIUSEPPE,VIA DE LA SALLE SAN GIOVANNI BATTISTA   5,2,CALCIO A 7,,
,ISTITUTO SAN GIUSEPPE,VIA DE LA SALLE SAN GIOVANNI BATTISTA   5,2,TENNIS,,
,SAN LEONE MAGNO,VIA CARNIA   14,3,CALCIO A 11,,
,SAN LEONE MAGNO,VIA CARNIA   14,3,PALLACANESTRO,,
,ORATORIO GIOVANNI XXIII,VIA PITTERI RICCARDO   54,3,PALLACANESTRO,,
,ORATORIO GIOVANNI XXIII,VIA PITTERI RICCARDO   54,3,PALLAVOLO,,
0234531118,CENTRO SPORTIVO GIOVANNI DA PROCIDA,VIA GIOVANNI DA PROCIDA   20,8,NUOTO,www.milanosport.it,0233104970
0234531118,CENTRO SPORTIVO GIOVANNI DA PROCIDA,VIA GIOVANNI DA PROCIDA   20,8,PALLACANESTRO,www.milanosport.it,0233104970
0234531118,CENTRO SPORTIVO GIOVANNI DA PROCIDA,VIA GIOVANNI DA PROCIDA   20,8,PALLAVOLO,www.milanosport.it,0233104970
0270638558,GIANFRANCO CRESPI,VIA VALVASSORI PERONI CARLO   48,3,BASEBALL,www.milanosport.it,022361066
0270638558,GIANFRANCO CRESPI,VIA VALVASSORI PERONI CARLO   48,3,CALCIO A 5,www.milanosport.it,022361066
0270638558,GIANFRANCO CRESPI,VIA VALVASSORI PERONI CARLO   48,3,GINNASTICA,www.milanosport.it,022361066
0270638558,GIANFRANCO CRESPI,VIA VALVASSORI PERONI CARLO   48,3,PALLACANESTRO,www.milanosport.it,022361066
0270638558,GIANFRANCO CRESPI,VIA VALVASSORI PERONI CARLO   48,3,PALLAVOLO,www.milanosport.it,022361066
0270638558,GIANFRANCO CRESPI,VIA VALVASSORI PERONI CARLO   48,3,TENNIS,www.milanosport.it,022361066
,SOCIETA' GINNASTICA MILANESE FORZA E CORAGGIO,VIA GALLURA   8,5,ATLETICA,www.forzaecoraggio.com,0257300130
,SOCIETA' GINNASTICA MILANESE FORZA E CORAGGIO,VIA GALLURA   8,5,BOXE,www.forzaecoraggio.com,0257300130
,SOCIETA' GINNASTICA MILANESE FORZA E CORAGGIO,VIA GALLURA   8,5,CALCIO A 11,www.forzaecoraggio.com,0257300130
,SOCIETA' GINNASTICA MILANESE FORZA E CORAGGIO,VIA GALLURA   8,5,GINNASTICA,www.forzaecoraggio.com,0257300130
,SOCIETA' GINNASTICA MILANESE FORZA E CORAGGIO,VIA GALLURA   8,5,PALLACANESTRO,www.forzaecoraggio.com,0257300130
,SOCIETA' GINNASTICA MILANESE FORZA E CORAGGIO,VIA GALLURA   8,5,PALLAVOLO,www.forzaecoraggio.com,0257300130
,SOCIETA' GINNASTICA MILANESE FORZA E CORAGGIO,VIA GALLURA   8,5,SCHERMA,www.forzaecoraggio.com,0257300130
,SOCIETA' GINNASTICA MILANESE FORZA E CORAGGIO,VIA GALLURA   8,5,TENNIS,www.forzaecoraggio.com,0257300130
,FOSSATI PALESTRA GIORDANI,VIA CAMBINI LEONARDO   4,2,NUOTO,www.milanosport.it,022820544
,GREPPI DAJELLI,VLE FAENZA   7,6,CALCIO A 11,,02810202
,GREPPI DAJELLI,VLE FAENZA   7,6,CALCIO A 5,,02810202
,GREPPI DAJELLI,VLE FAENZA   7,6,TENNIS,,02810202
,VITTORIO POZZO,VIA POZZOBONELLI GIUSEPPE   4,9,CALCIO A 11,,026433866
,VITTORIO POZZO,VIA POZZOBONELLI GIUSEPPE   4,9,GINNASTICA,,026433866
,VITTORIO POZZO,VIA POZZOBONELLI GIUSEPPE   4,9,PALLACANESTRO,,026433866
,VITTORIO POZZO,VIA POZZOBONELLI GIUSEPPE   4,9,CALCIO A 5,,026433866
,VITTORIO POZZO,VIA POZZOBONELLI GIUSEPPE   4,9,TENNIS,,026433866
0248929182,MILANO SPORT SPA,VIA ARIOLI VENEGONI   9,7,NUOTO,www.milanosport.it,024566316
0248376073,MILANO SPORT SPA,VIA DEL CARDELLINO   3,6,NUOTO,www.milanosport.it,02417948
,COOPERATIVA DRIMS,VIA MECENATE   74,4,CALCIO A 5,,025061277
,COOPERATIVA DRIMS,VIA MECENATE   74,4,PALLAMANO,,025061277
,COOPERATIVA DRIMS,VIA MECENATE   74,4,TENNIS,,025061277
0289306784,LUIGI CARRARO,VIA DEI MISSAGLIA   146,5,ATLETICA,www.milanosport.it,028266540
0289306784,LUIGI CARRARO,VIA DEI MISSAGLIA   146,5,CALCIO A 11,www.milanosport.it,028266540
0289306784,LUIGI CARRARO,VIA DEI MISSAGLIA   146,5,CALCIO A 5,www.milanosport.it,028266540
0289306784,LUIGI CARRARO,VIA DEI MISSAGLIA   146,5,BOXE,www.milanosport.it,028266540
0289306784,LUIGI CARRARO,VIA DEI MISSAGLIA   146,5,GINNASTICA,www.milanosport.it,028266540
0289306784,LUIGI CARRARO,VIA DEI MISSAGLIA   146,5,PALLACANESTRO,www.milanosport.it,028266540
0289306784,LUIGI CARRARO,VIA DEI MISSAGLIA   146,5,PALLAVOLO,www.milanosport.it,028266540
0289306784,LUIGI CARRARO,VIA DEI MISSAGLIA   146,5,TENNIS,www.milanosport.it,028266540
,U.S. VISCONTINI,VIA GIORGI FERDINANDO   10,8,CALCIO A 11,,024526610
,U.S. VISCONTINI,VIA GIORGI FERDINANDO   10,8,CALCIO A 5,,024526610
,U.S. VISCONTINI,VIA GIORGI FERDINANDO   10,8,TENNIS,,024526610
0233494959,MARCO CAPPELLI - GIUSEPPE SFORZA,VIA LAMPUGNANO   80,8,GINNASTICA ATTREZZISTICA,www.milanosport.it,0238004525
0233494959,MARCO CAPPELLI - GIUSEPPE SFORZA,VIA LAMPUGNANO   80,8,PALLACANESTRO,www.milanosport.it,0238004525
0233494959,MARCO CAPPELLI - GIUSEPPE SFORZA,VIA LAMPUGNANO   80,8,PALLAVOLO,www.milanosport.it,0238004525
023762283,GIORDANO MASSOLA,VIA DON MINZONI GIOVANNI   4,9,CALCIO A 11,www.acgaribaldina1932.net,023762283
,A.S. IDEA SPORT PALLACANESTRO,VIA BRIVIO   1,8,GINNASTICA,,0233403435
,A.S. IDEA SPORT PALLACANESTRO,VIA BRIVIO   1,8,PALLACANESTRO,,0233403435
,A.S. IDEA SPORT PALLACANESTRO,VIA BRIVIO   1,8,PALLAVOLO,,0233403435
0270200295,MARIO SAINI,VIA CORELLI ARCANGELO   136,3,ATTIVITA SUBACQUEA,www.milanosport.it,027561280
0270200295,MARIO SAINI,VIA CORELLI ARCANGELO   136,3,BASEBALL,www.milanosport.it,027561280
0270200295,MARIO SAINI,VIA CORELLI ARCANGELO   136,3,BEACH VOLLEY,www.milanosport.it,027561280
0270200295,MARIO SAINI,VIA CORELLI ARCANGELO   136,3,CALCIO A 11,www.milanosport.it,027561280
0270200295,MARIO SAINI,VIA CORELLI ARCANGELO   136,3,CALCIO A 5,www.milanosport.it,027561280
0270200295,MARIO SAINI,VIA CORELLI ARCANGELO   136,3,GINNASTICA,www.milanosport.it,027561280
0270200295,MARIO SAINI,VIA CORELLI ARCANGELO   136,3,HOCKEY IN LINE,www.milanosport.it,027561280
0270200295,MARIO SAINI,VIA CORELLI ARCANGELO   136,3,NUOTO,www.milanosport.it,027561280
0270200295,MARIO SAINI,VIA CORELLI ARCANGELO   136,3,PALLACANESTRO,www.milanosport.it,027561280
0270200295,MARIO SAINI,VIA CORELLI ARCANGELO   136,3,PALLAVOLO,www.milanosport.it,027561280
0270200295,MARIO SAINI,VIA CORELLI ARCANGELO   136,3,PATTINAGGIO A ROTELLE,www.milanosport.it,027561280
0270200295,MARIO SAINI,VIA CORELLI ARCANGELO   136,3,PATTINAGGIO SU GHIACCIO,www.milanosport.it,027561280
0270200295,MARIO SAINI,VIA CORELLI ARCANGELO   136,3,ROLLER BLADE,www.milanosport.it,027561280
0270200295,MARIO SAINI,VIA CORELLI ARCANGELO   136,3,RUGBY,www.milanosport.it,027561280
0270200295,MARIO SAINI,VIA CORELLI ARCANGELO   136,3,SCHERMA,www.milanosport.it,027561280
0270200295,MARIO SAINI,VIA CORELLI ARCANGELO   136,3,SCI DI FONDO,www.milanosport.it,027561280
0270200295,MARIO SAINI,VIA CORELLI ARCANGELO   136,3,SOFTBALL,www.milanosport.it,027561280
0270200295,MARIO SAINI,VIA CORELLI ARCANGELO   136,3,TENNIS,www.milanosport.it,027561280
0270200295,MARIO SAINI,VIA CORELLI ARCANGELO   136,3,TIRO CON L'ARCO,www.milanosport.it,027561280
0270200295,MARIO SAINI,VIA CORELLI ARCANGELO   136,3,TUFFI,www.milanosport.it,027561280
0270200295,MARIO SAINI,VIA CORELLI ARCANGELO   136,3,ATLETICA,www.milanosport.it,027561280
0256810426,MILANO SPORT SPA,VIA MINCIO   13,4,NUOTO,www.milanosport.it,02538416
0248713719,GIUSEPPE MEAZZA,VIA DEI PICCOLOMINI 5,7,CALCIO A 11,www.sansiro.net,0248713713
,CAMERONI,VIA BECHI GIULIO   2,2,CALCIO A 11,www.crespimorbio.it,022576740
,S.S. SAVORELLI 1937,PZA CADUTI DEL LAVORO   5,5,CALCIO A 11,,0289511889
,S.S. SAVORELLI 1937,PZA CADUTI DEL LAVORO   5,5,CALCIO A 5,,0289511889
,S.S. SAVORELLI 1937,PZA CADUTI DEL LAVORO   5,5,GINNASTICA,,0289511889
,A.C. ALDINIANA,VIA GRAF ARTURO   4,8,CALCIO A 11,,023574408
,SANTA MARIA DI CARAVAGGIO,VIA BRIOSCHI FRANCESCO   38,5,CALCIO A 5,,
,SANTA MARIA DI CARAVAGGIO,VIA BRIOSCHI FRANCESCO   38,5,PALLAVOLO,,
,SAN LUIGI GONZAGA,VIA TAGLIAMENTO   10,4,CALCIO A 11,,
,SAN LUIGI GONZAGA,VIA TAGLIAMENTO   10,4,PALLACANESTRO,,
,BEATAVERGINE ADDOLORATA,VLE UNGHERIA   32,4,CALCIO A 11,,
,SAN CIPRIANO,VIA D'ADDA CARLO   31,6,CENTRO SPORTIVO,,
,SAN CURATO D'ARS,LGO GIAMBELLINO   127,6,CALCIO A 11,,
,SAN CURATO D'ARS,LGO GIAMBELLINO   127,6,PALLACANESTRO,,
,SAN CURATO D'ARS,LGO GIAMBELLINO   127,6,TENNIS,,
,SANT'ANDREA,VIA CREMA   24,5,CALCIO A 11,,
,SANT'ANDREA,VIA CREMA   24,5,PALLACANESTRO,,
,SAN ROCCO AL GENTILINO,PZA CARO TITO LUCREZIO   7,5,CALCIO A 11,,
,GIANNI BRERA,VLE BYRON GIORGIO   2,1,ATLETICA,www.comune.milano.it,02341924
,GIANNI BRERA,VLE BYRON GIORGIO   2,1,CALCIO A 11,www.comune.milano.it,02341924
,GIANNI BRERA,VLE BYRON GIORGIO   2,1,FITNESS MACCHINE,www.comune.milano.it,02341924
,GIANNI BRERA,VLE BYRON GIORGIO   2,1,FOOTBALL AMERICANO,www.comune.milano.it,02341924
,GIANNI BRERA,VLE BYRON GIORGIO   2,1,GINNASTICA,www.comune.milano.it,02341924
,GIANNI BRERA,VLE BYRON GIORGIO   2,1,RUGBY,www.comune.milano.it,02341924
,EMILIO COLOMBO,VIA DEL CARDELLINO   15,6,CALCIO A 11,,02410976
,EMILIO COLOMBO,VIA DEL CARDELLINO   15,6,CENTRO SPORTIVO,,
,EMILIO COLOMBO,VIA DEL CARDELLINO   15,6,CALCIO A 5,,02410976
,EMILIO COLOMBO,VIA DEL CARDELLINO   15,6,CALCIO A 7,,02410976
,EMILIO COLOMBO,VIA DEL CARDELLINO   15,6,CENTRO SPORTIVO,,
,SAN ROCCO AL GENTILINO,PZA CARO TITO LUCREZIO   7,5,PALLACANESTRO,,
,SANTA MARCELLINA,VIA MOSCA ANTONIO   185,7,CALCIO A 11,,
,SANTA MARCELLINA,VIA MOSCA ANTONIO   185,7,PALLACANESTRO,,
,SANTA MARCELLINA,VIA MOSCA ANTONIO   185,7,TENNIS,,
,SANTI ANGELI CUSTODI,VIA COLLETTA PIETRO   21,4,PALLACANESTRO,,
,SUORE MISERICORDINE,VIA CORSICO   10,6,CALCIO A 11,,
,SAN EUGENIO,VIA DEL TURCHINO   9,4,CALCIO A 11,,
,SAN EUGENIO,VIA DEL TURCHINO   9,4,PALLACANESTRO,,
,SAN EUGENIO,VIA DEL TURCHINO   9,4,TENNIS,,
,SAN PIO V,VIA LATTANZIO   60,4,CALCIO A 11,,
,MADONNA DELLA FEDE,VIA DELLE BETULLE   16,7,CALCIO A 11,,
,SAN GALDINO,VIA SALOMONE ORESTE   23,4,CALCIO A 11,,
,SAN GIOVANNI BATTISTA ALLA CRETA,PZA SAN GIOVANNI BATTISTA ALLA CRETA   11,6,CALCIO A 11,,
,A.C. ALDINIANA,VIA GRAF ARTURO   4,8,CALCIO A 5,,023574408
,FIN FEDERAZIONE ITALIANA NUOTO LAMPUGNANO,VIA LAMPUGNANO   76,8,NUOTO,,023088390
,GIUSEPPE CAIMI,VIA BOTTA CARLO   18,4,NUOTO,www.milanosport.it,
,GUIDO ROMANO,VIA AMPERE ANDREA MARIA   20,3,CENTRO BALNEARE,www.milanosport.it,0270600224
,COMASINA A.S.D.,VIA SALEMI   19,9,CENTRO SPORTIVO,,0266202505
,A.C. BRUZZANO,VIA COMASINA   115,9,CENTRO SPORTIVO,,026458357
,A.C. BRUZZANO,VIA COMASINA   115,9,CALCIO A 5,,026458357
,A.S. TENNIS CLUB LOMBARDO,VIA SISMONDI GIANCARLO   8,4,TENNIS,,0270123145
,A.S. TENNIS CLUB LOMBARDO,VIA SISMONDI GIANCARLO   8,4,FITNESS MACCHINE,,0270123145
,A.S. TENNIS CLUB LOMBARDO,VIA SISMONDI GIANCARLO   8,4,GINNASTICA,,0270123145
,A.S. TENNIS CLUB LOMBARDO,VIA SISMONDI GIANCARLO   8,4,CENTRO SPORTIVO,,0270123145
,A.S. TENNIS CLUB LOMBARDO,VIA SISMONDI GIANCARLO   8,4,NUOTO,,0270123145
,NUOVA CANOTTIERI OLONA,ALZ NAVIGLIO GRANDE   146,6,CALCIO A 5,,0248951494
,SAN GIOVANNI BATTISTA ALLA CRETA,PZA SAN GIOVANNI BATTISTA ALLA CRETA   11,6,PALLACANESTRO,,
,SAN GIOVANNI BATTISTA ALLA CRETA,PZA SAN GIOVANNI BATTISTA ALLA CRETA   11,6,TENNIS,,
,SAN VINCENZO IN PRATO,VIA CONCA DEL NAVIGLIO   28,1,CALCIO A 11,,
,SANTA MARIA DEL ROSARIO,VIA BERGOGNONE AMBROGIO DA FOSSANO   8,6,CALCIO A 11,,
,SANTA MARIA DEL ROSARIO,VIA BERGOGNONE AMBROGIO DA FOSSANO   8,6,PALLACANESTRO,,
,SANTA MARIA DEL ROSARIO,VIA BERGOGNONE AMBROGIO DA FOSSANO   8,6,TENNIS,,
,SAN FRANCESCO DI SALES,VIA DELLA COMMENDA   37,1,PALLACANESTRO,,
,SAN FRANCESCO DI SALES,VIA DELLA COMMENDA   37,1,TENNIS,,
,SAN PIER GIULIANO EYMARD,VIA VALSESIA   96,7,CALCIO A 11,www.sanpiergiuliano.org,
,SAN PIER GIULIANO EYMARD,VIA VALSESIA   96,7,CALCIO A 7,www.sanpiergiuliano.org,
,SAN PIER GIULIANO EYMARD,VIA VALSESIA   96,7,CALCIO A 5,www.sanpiergiuliano.org,
0255011903,SANTI SILVESTRO E MARTINO,VLE LAZIO   19,4,PALLACANESTRO,www.silvestromartino.com,0255189340
,CASA OPERE PARROCHIALI,VIA SFORZA FRANCESCO   44,1,CALCIO A 11,,
,SAN NICOLAO DELLA FLUE,VIA DALMAZIA   11,4,CENTRO SPORTIVO,www.sannicolao.it,
,SAN NICOLAO DELLA FLUE,VIA DALMAZIA   11,4,PALLACANESTRO,www.sannicolao.it,
,SAN LUIGI,VIA CABELLA BARTOLOMEO   18,7,CALCIO A 11,,
,SAN LUIGI,VIA CABELLA BARTOLOMEO   18,7,PALLACANESTRO,,
,SAN LUIGI,VIA CABELLA BARTOLOMEO   18,7,TENNIS,,
,BEATA VERGINE IMMACOLATA E SANT'ANTONIO,VLE CORSICA   68,4,PALLACANESTRO,,
,BEATA VERGINE IMMACOLATA E SANT'ANTONIO,VLE CORSICA   68,4,TENNIS,,
,PREZIOSISSIMO SANGUE DI N.S.G.C.,VIA CIPRO   10,4,PALLACANESTRO,,
,PREZIOSISSIMO SANGUE DI N.S.G.C.,VIA CIPRO   10,4,TENNIS,,
,MADONNA DEI POVERI,PZA MADONNA DEI POVERI   1,7,PALLACANESTRO,,
,MADONNA DEI POVERI,PZA MADONNA DEI POVERI   1,7,CENTRO SPORTIVO,,
,GESU' BUON PASTORE E S. MATTEO,VIA CABOTO SEBASTIANO   2,7,PALLACANESTRO,,
,SAN VITTORE AL CORPO,VIA DEGLI OLIVETANI   3,1,TENNIS,,
,SANTA MARIA DEL SUFFRAGIO,VIA BONVESIN DE LA RIVA   2,4,PALLACANESTRO,,
,SANTI MM. NABORE E FELICE,VIA GULLI TOMMASO   62,7,CALCIO A 11,,
,SANTI MM. NABORE E FELICE,VIA GULLI TOMMASO   62,7,PALLACANESTRO,,
,SANTI MM. NABORE E FELICE,VIA GULLI TOMMASO   62,7,TENNIS,,
,SAN PROTASO,VIA OSOPPO   2,7,CALCIO A 11,,
,SAN PROTASO,VIA OSOPPO   2,7,PALLACANESTRO,,
,SANTA CROCE,VIA GOLDONI CARLO   75,3,CALCIO A 11,,
,SANTI MARTIRI NEREO E ACHILLEO,PZA SAN GEROLAMO   15,3,PALLACANESTRO,,
,SAN VINCENZO DE' PAOLI,VIA PISACANE CARLO   32,3,CENTRO SPORTIVO,,
,SAN VINCENZO DE' PAOLI,VIA PISACANE CARLO   32,3,PALLACANESTRO,,
,MATER AMABILIS,VIA PREVIATI GAETANO   8,7,CALCIO A 11,,
,MATER AMABILIS,VIA PREVIATI GAETANO   8,7,PALLACANESTRO,,
,MATER AMABILIS,VIA PREVIATI GAETANO   8,7,CALCIO A 11,,
,SAN MARCO,PZA SAN MARCO   2,1,TENNIS,,
,SAN MARCO,PZA SAN MARCO   2,1,PALLACANESTRO,,
,BEATA VERGINE ADDOLORATA IN S. SIRO,PZA ESQUILINO   1,7,CALCIO A 11,,
,BEATA VERGINE ADDOLORATA IN S. SIRO,PZA ESQUILINO   1,7,PALLACANESTRO,,
,BEATA VERGINE ADDOLORATA IN S. SIRO,PZA ESQUILINO   1,7,SQUASH,,
,SANTA ELENA,PZA SANT' ELENA   5,7,CALCIO A 11,,
,SANTA ELENA,PZA SANT' ELENA   5,7,TENNIS,,
,MADONNA DELLA DIVINA PROVVIDENZA,VIA ARPINO   11,7,CALCIO A 11,,
,MADONNA DELLA DIVINA PROVVIDENZA,VIA ARPINO   11,7,PALLACANESTRO,,
,MADONNA DELLA DIVINA PROVVIDENZA,VIA ARPINO   11,7,TENNIS,,
,ORATORIO S. GIUSEPPE,VIA REDI FRANCESCO   21,3,PALLACANESTRO,,
,NUOVA CANOTTIERI OLONA,ALZ NAVIGLIO GRANDE   146,6,CANOTTAGGIO,,0248951494
,NUOVA CANOTTIERI OLONA,ALZ NAVIGLIO GRANDE   146,6,GINNASTICA,,0248951494
,NUOVA CANOTTIERI OLONA,ALZ NAVIGLIO GRANDE   146,6,NUOTO,,0248951494
,NUOVA CANOTTIERI OLONA,ALZ NAVIGLIO GRANDE   146,6,PALLACANESTRO,,0248951494
,NUOVA CANOTTIERI OLONA,ALZ NAVIGLIO GRANDE   146,6,PALLAVOLO,,0248951494
,SAN PIO X,VIA VILLANI GIOVANNI   2,3,PALLACANESTRO,,
,SAN MARTINO IN LAMBRATE,VIA DEI CANZI   28,3,CALCIO A 11,,
,SANTO SPIRITO,VIA BASSINI EDOARDO   50,3,PALLACANESTRO,,
,SANTA MARIA NASCENTE,PZA SANTA MARIA NASCENTE   2,8,CALCIO A 11,,
,SANTA MARIA NASCENTE,PZA SANTA MARIA NASCENTE   2,8,PALLACANESTRO,,
,SANTA MARIA NASCENTE,PZA SANTA MARIA NASCENTE   2,8,TENNIS,,
,SACRO VOLTO,VIA BORSIERI PIETRO   18,9,PALLACANESTRO,,
,SAN IGNAZIO DI LOYOLA,VIA PISANI DOSSI CARLO ALBERTO   25,3,CALCIO A 11,,
,SAN GIOVANNI BATTISTA IN TRENNO,VIA RATTI LUIGI   24,8,CALCIO A 11,,
,SANTA CECILIA,VIA DELLA CASA GIOVANNI   15,8,CALCIO A 11,,
,SAN GIOVANNI CRISOTOMO,VIA CAMBINI LEONARDO   10,2,CALCIO A 11,,
,SAN GIOVANNI CRISOTOMO,VIA CAMBINI LEONARDO   10,2,PALLACANESTRO,,
,POLITECNICO DI MILANO - CS MARIO GIURIATI,VIA CARLO PASCAL 6,3,CALCIO A 5,,0270600358
,POLITECNICO DI MILANO - CS MARIO GIURIATI,VIA CARLO PASCAL 6,3,FOOTBALL AMERICANO,,0270600358
,POLITECNICO DI MILANO - CS MARIO GIURIATI,VIA CARLO PASCAL 6,3,RUGBY,,0270600358
,POLITECNICO DI MILANO - CS MARIO GIURIATI,VIA CARLO PASCAL 6,3,ATLETICA,,0270600358
,S.S. BAGGIO 2,VIA OLIVIERI ALESSIO   11,7,CALCIO A 7,,024599310
,S.S. BAGGIO 2,VIA OLIVIERI ALESSIO   11,7,CENTRO SPORTIVO,,024599310
,SAN GIOVANNI CRISOTOMO,VIA CAMBINI LEONARDO   10,2,TENNIS,,
,SANT'ANGELA MERICI PADRI SACRAMENTINI,VIA CAGLIERO GIOVANNI   26,2,CALCIO A 11,,
,SANT'ANGELA MERICI PADRI SACRAMENTINI,VIA CAGLIERO GIOVANNI   26,2,PALLACANESTRO,,
,SANT'ANGELA MERICI PADRI SACRAMENTINI,VIA CAGLIERO GIOVANNI   26,2,TENNIS,,
,GESU' MARIA E GIUSEPPE,VIA MAC MAHON   113,8,CALCIO A 11,,
,SANTA MARIA ASSUNTA IN TURRO,PZA ANELLI GIACOMO   4,2,CALCIO A 11,,
,SANTI GIOVANNI E PAOLO,VIA CATONE MARCO PORCIO   10,9,CALCIO A 11,,
,SANTA MARCELINA E SAN GIUSEPPE ALLA CERTOS,VLE ESPINASSE CARLO   85,8,CALCIO A 11,,
,SANTA MARCELINA E SAN GIUSEPPE ALLA CERTOS,VLE ESPINASSE CARLO   85,8,PALLACANESTRO,,
,SANTA MARCELINA E SAN GIUSEPPE ALLA CERTOS,VLE ESPINASSE CARLO   85,8,TENNIS,,
,SAN GEROLAMO EMILIANI,VIA CALABRIA DON GIOVANNI   36,3,PALLACANESTRO,,
,SAN GEROLAMO EMILIANI,VIA CALABRIA DON GIOVANNI   36,3,TENNIS,,
,SAN MARTINO IN VILLAPIZZONE,PZA VILLAPIZZONE   10,8,CALCIO A 11,,
,SAN MARTINO IN VILLAPIZZONE,PZA VILLAPIZZONE   10,8,PALLACANESTRO,,
,SAN MARTINO IN VILLAPIZZONE,PZA VILLAPIZZONE   10,8,TENNIS,,
,SANTA TERESA DEL BAMBIN GESU',VIA ARISTOTELE   8,2,CALCIO A 11,,
,SANTA TERESA DEL BAMBIN GESU',VIA ARISTOTELE   8,2,TENNIS,,
,SAN CARLO ALLA CA' GRANDA,LGO RAPALLO   5,9,CALCIO A 11,,
,SAN CARLO ALLA CA' GRANDA,LGO RAPALLO   5,9,TENNIS,,
,MARIA AUSILIATRICE,VLE SUZZANI GIOVANNI   64,9,PALLACANESTRO,,
,MARIA AUSILIATRICE,VLE SUZZANI GIOVANNI   64,9,PALLAVOLO,,
,SANTA MARIA ROSSA,VIA BERRA DOMENICO   11,2,CALCIO A 11,,
,SANTA MARIA ROSSA,VIA BERRA DOMENICO   11,2,PALLACANESTRO,,
,ANNUNCIAZIONE,VIA SCIALOIA VITTORIO   5,9,CALCIO A 11,,
,ANNUNCIAZIONE,VIA SCIALOIA VITTORIO   5,9,PALLACANESTRO,,
,ANNUNCIAZIONE,VIA SCIALOIA VITTORIO   5,9,TENNIS,,
0239210739,LIDO DI MILANO,PLE LOTTO LORENZO   15,8,PALLAVOLO,www.milanosport.it,0239266100
,COOP. AGRISPORT SEZIONE CALCIO,VIA DEL RICORDO   58,2,CALCIO A 11,,0227207742
,COOP. AGRISPORT SEZIONE CALCIO,VIA DEL RICORDO   58,2,CALCIO A 5,,0227207742
,SOCIETA GINNASTICA MILANO 2000,VIA MARTIGNONI ADELE   1  A,2,CALCIO A 5,,02603288
,SOCIETA GINNASTICA MILANO 2000,VIA MARTIGNONI ADELE   1  A,2,GINNASTICA,,02603288
,SOCIETA GINNASTICA MILANO 2000,VIA MARTIGNONI ADELE   1  A,2,PALLACANESTRO,,02603288
,SOCIETA GINNASTICA MILANO 2000,VIA MARTIGNONI ADELE   1  A,2,PALLAVOLO,,02603288
,SOCIETA GINNASTICA MILANO 2000,VIA MARTIGNONI ADELE   1  A,2,TENNIS,,02603288
,PRO PATRIA MILANO S.R.L.,VLE SARCA   205,9,TENNIS,,026437519
,PRO PATRIA MILANO S.R.L.,VLE SARCA   205,9,RUGBY,,026437519
,PRO PATRIA MILANO S.R.L.,VLE SARCA   205,9,GINNASTICA,,026437519
,PRO PATRIA MILANO S.R.L.,VLE SARCA   205,9,CALCIO A 5,,026437519
,PRO PATRIA MILANO S.R.L.,VLE SARCA   205,9,CALCIO A 11,,026437519
,PRO PATRIA MILANO S.R.L.,VLE SARCA   205,9,CENTRO SPORTIVO,,026437519
,A.S.D. ATLETICO MILANO,VIA DEI CICLAMINI   18,6,CALCIO A 11,,024120207
025468795,A.S. CALVAIRATE,VIA VISMARA GASPARE   3,4,CALCIO A 5,www.ascalvairate.com,025462083
025468795,A.S. CALVAIRATE,VIA VISMARA GASPARE   3,4,CENTRO SPORTIVO,www.ascalvairate.com,025462083
025468795,A.S. CALVAIRATE,VIA VISMARA GASPARE   3,4,TENNIS,www.ascalvairate.com,025462083
,TENNIS CLUB AMBROSIANO,VIA FELTRE   33,3,CALCIO A 5,,0226414392
,TENNIS CLUB AMBROSIANO,VIA FELTRE   33,3,FITNESS MACCHINE,,0226414392
,TENNIS CLUB AMBROSIANO,VIA FELTRE   33,3,GINNASTICA,,0226414392
,TENNIS CLUB AMBROSIANO,VIA FELTRE   33,3,NUOTO,,0226414392
,TENNIS CLUB AMBROSIANO,VIA FELTRE   33,3,TENNIS,,0226414392
,G.S. LOMBARDINA,VIA SBARBARO CAMILLO   1,9,CENTRO SPORTIVO,,026469651
,MILANO SPORTIVA A.S.D,VIA ISEO   6,9,PALLACANESTRO,www.csiseo.it,0297384581
,SAN MICHELE ARCANGELO IN PRECOTTO,VLE MONZA   224,2,CALCIO A 11,www.parrocchiasanmicheleprecotto.org,
,SAN MICHELE ARCANGELO IN PRECOTTO,VLE MONZA   224,2,PALLACANESTRO,www.parrocchiasanmicheleprecotto.org,
,SAN MICHELE ARCANGELO IN PRECOTTO,VLE MONZA   224,2,PALLAVOLO,www.parrocchiasanmicheleprecotto.org,
,SAN MICHELE ARCANGELO IN PRECOTTO,VLE MONZA   224,2,TENNIS,www.parrocchiasanmicheleprecotto.org,
,SAN FILIPPO NERI IN BOVISASCA,VIA GABBRO   2,9,CALCIO A 11,,
,SANT'AGNESE,VIA ARSIA   3,8,CALCIO A 11,,
,SANT'AGNESE,VIA ARSIA   3,8,TENNIS,,
,SANTA LUCIA,VIA DE ROBERTO FEDERICO   20,8,CALCIO A 11,,
,SANTA LUCIA,VIA DE ROBERTO FEDERICO   20,8,PALLACANESTRO,,
,SAN MARTINO IN NIGUARDA,PZA BELLOVESO   5,9,CALCIO A 11,,
,SAN MARTINO IN NIGUARDA,PZA BELLOVESO   5,9,PALLACANESTRO,,
,SAN MARTINO IN NIGUARDA,PZA BELLOVESO   5,9,TENNIS,,
,SAN GIOVANNI BATTISTA ALLA BICOCCA,VIA LA FARINA GIUSEPPE   15,9,CALCIO A 11,,
,SANTA GIUSTINA,VLE AFFORI   12,9,PALLACANESTRO,,
,RESURREZIONE,VIA LESSONA MICHELE   70,8,CALCIO A 11,,
,RESURREZIONE,VIA LESSONA MICHELE   70,8,TENNIS,,
,CRISTO RE,VIA GALENO CLAUDIO   32,2,CALCIO A 11,,
,CRISTO RE,VIA GALENO CLAUDIO   32,2,TENNIS,,
,SAN BERNARDO IN COMASINA,PZA GASPARRI PIETRO   11,9,CALCIO A 11,,
,ORATORIO CENTRO GIOVANILE SAN LUIGI,VIA ACERBI ENRICO   12,9,CALCIO A 11,,
,ORATORIO CENTRO GIOVANILE SAN LUIGI,VIA ACERBI ENRICO   12,9,CALCIO A 7,,
,ORATORIO CENTRO GIOVANILE SAN LUIGI,VIA ACERBI ENRICO   12,9,CALCIO A 5,,
,ORATORIO CENTRO GIOVANILE SAN LUIGI,VIA ACERBI ENRICO   12,9,CENTRO SPORTIVO,,
,ORATORIO CENTRO GIOVANILE SAN LUIGI,VIA ACERBI ENRICO   12,9,TENNIS,,
,SAN BASILIO,VIA CAROLI LUIGI   12,2,CALCIO A 11,,
,SAN BASILIO,VIA CAROLI LUIGI   12,2,PALLACANESTRO,,
,SAN BASILIO,VIA CAROLI LUIGI   12,2,TENNIS,,
,SAN DOMENICO SAVIO,VIA CUFRA   3,9,CALCIO A 11,,
,SAN MATERNO,VIA F.LLI ZANZOTTERA   19,7,CALCIO A 11,,
0248915475,SANT'ANSELMO DA BAGGIO V.,VIA MANARESI CESARE   13,7,PALLACANESTRO,www.santanselmodabaggio.it,0248915475
0248915475,SANT'ANSELMO DA BAGGIO V.,VIA MANARESI CESARE   13,7,TENNIS,www.santanselmodabaggio.it,0248915475
,SAN GIOVANNI BOSCO,VIA MAR NERO   10,7,CALCIO A 11,,
,SANTI PATRONI D'ITALIA,VIA ARZAGA   23,6,CALCIO A 11,www.santipatroni.it,
,SANTI PATRONI D'ITALIA,VIA ARZAGA   23,6,PALLACANESTRO,www.santipatroni.it,
,SANTI PATRONI D'ITALIA,VIA ARZAGA   23,6,TENNIS,www.santipatroni.it,
,IMMACOLATA CONCEZIONE,PZA FRATTINI PIETRO   1,6,CALCIO A 11,,
,IMMACOLATA CONCEZIONE,PZA FRATTINI PIETRO   1,6,CALCIO A 5,,
,IMMACOLATA CONCEZIONE,PZA FRATTINI PIETRO   1,6,CALCIO A 7,,
,IMMACOLATA CONCEZIONE,PZA FRATTINI PIETRO   1,6,PALLAVOLO,,
,SAN GIUSEPPE CALASANZIO,VIA GNOCCHI DON CARLO   16,7,CALCIO A 11,,
,SAN GIUSEPPE CALASANZIO,VIA GNOCCHI DON CARLO   16,7,CALCIO A 5,,
,SAN GIUSEPPE CALASANZIO,VIA GNOCCHI DON CARLO   16,7,PALLAVOLO,,
,CONVENTO DEI CAPUCCINI,PLE VELASQUEZ DIEGO   1,7,CALCIO A 11,,
,SANTI MARTIRI ANAUNIESI,VIA BETTI UGO   62,8,CALCIO A 11,,
,SANTI MARTIRI ANAUNIESI,VIA BETTI UGO   62,8,PALLACANESTRO,,
,MILANO SPORTIVA A.S.D,VIA ISEO   6,9,GINNASTICA,www.csiseo.it,0297384581
,MILANO SPORTIVA A.S.D,VIA ISEO   6,9,PALLAVOLO,www.csiseo.it,0297384581
,MILANO SPORTIVA A.S.D,VIA ISEO   6,9,CENTRO SPORTIVO,www.csiseo.it,0297384581
,S.S. SCARIONI 1925,VIA TUCIDIDE   10,3,CENTRO SPORTIVO,,0270102158
,F.C. ENOTRIA 1908,VIA CAZZANIGA CARLO   26,3,CALCIO A 7,,022566673
,F.C. ENOTRIA 1908,VIA CAZZANIGA CARLO   26,3,CENTRO SPORTIVO,,022566673
,FEDERAZIONE BRIDGE,VIA WASHINGTON GIORGIO   33,7,BEACH VOLLEY,,024691424
,FEDERAZIONE BRIDGE,VIA WASHINGTON GIORGIO   33,7,BRIDGE,,024691424
,CANOTTIERI MILANO,ALZ NAVIGLIO GRANDE   160,6,ATTIVITA SUBACQUEA,,0248951211
,CANOTTIERI MILANO,ALZ NAVIGLIO GRANDE   160,6,BOCCE,,0248951211
,CANOTTIERI MILANO,ALZ NAVIGLIO GRANDE   160,6,CALCIO A 5,,0248951211
,CANOTTIERI MILANO,ALZ NAVIGLIO GRANDE   160,6,CANOTTAGGIO,,0248951211
,CANOTTIERI MILANO,ALZ NAVIGLIO GRANDE   160,6,FITNESS MACCHINE,,0248951211
,CANOTTIERI MILANO,ALZ NAVIGLIO GRANDE   160,6,GINNASTICA,,0248951211
,CANOTTIERI MILANO,ALZ NAVIGLIO GRANDE   160,6,NUOTO,,0248951211
,CANOTTIERI MILANO,ALZ NAVIGLIO GRANDE   160,6,PALLACANESTRO,,0248951211
,CANOTTIERI MILANO,ALZ NAVIGLIO GRANDE   160,6,PALLANUOTO,,0248951211
,CANOTTIERI MILANO,ALZ NAVIGLIO GRANDE   160,6,TENNIS,,0248951211
,U.S. DINDELLI,VIA TREVIGLIO   6,2,CENTRO SPORTIVO,,022552386
,U.S. DINDELLI,VIA TREVIGLIO   6,2,CALCIO A 5,,022552386
,CARASSAI,VIA SANT' ABBONDIO   4,5,CALCIO A 5,www.fcvigejunior.it,0289500644
,CARASSAI,VIA SANT' ABBONDIO   4,5,CALCIO A 7,www.fcvigejunior.it,0289500644
,CARASSAI,VIA SANT' ABBONDIO   4,5,CENTRO SPORTIVO,www.fcvigejunior.it,0289500644
,S.S. IRIS 1914,VIA FARADAY MICHELE   15,6,CALCIO A 11,,0289121876
,S.S. IRIS 1914,VIA FARADAY MICHELE   15,6,CALCIO A 5,,0289121876
,S.S. IRIS 1914,VIA FARADAY MICHELE   15,6,TENNIS,,0289121876
,COOP. SPORTIVA VALLA,VIA VALLA LORENZO   1,5,CENTRO SPORTIVO,,028465872
,A.S. TENNIS CLUB ANEMONI,VIA PONTI GIO'   3,6,TENNIS,,024123436
,TC PORTA ROMANA,VIA SABINA   9,4,CENTRO SPORTIVO,,
,A.S. JUNIOR TENNIS DARIO MATTEI GENTILI,VIA CAVRIANA   45,4,TENNIS,,027388222
,A.S. JUNIOR TENNIS DARIO MATTEI GENTILI,VIA CAVRIANA   45,4,CALCIO A 5,,027388222
,POLISPORTIVA LE LUMACHE,VIA BARI   20,6,BOCCE,,
,POLISPORTIVA LE LUMACHE,VIA BARI   20,6,CALCIO A 7,,
,ASS.  POL.  ACCADEMIA INTERNAZIONALE CALCIO,VIA CILEA FRANCESCO   51,8,CALCIO A 11,,023539101
,ASS.  POL.  ACCADEMIA INTERNAZIONALE CALCIO,VIA CILEA FRANCESCO   51,8,CALCIO A 5,,023539101
,ASS.  POL.  ACCADEMIA INTERNAZIONALE CALCIO,VIA CILEA FRANCESCO   51,8,CALCIO A 7,,023539101
,A.S. UNIONE LOMBARDA,VIA PONTI GIO'   1,6,ATLETICA,,024152169
,A.S. UNIONE LOMBARDA,VIA PONTI GIO'   1,6,BOCCE,,024152169
,A.S. UNIONE LOMBARDA,VIA PONTI GIO'   1,6,CALCIO A 5,,024152169
,SAN LEONARDO DA PORTO MAURIZIO,VIA BORSA MARIO   50,8,CALCIO A 5,,
,SAN LEONARDO DA PORTO MAURIZIO,VIA BORSA MARIO   50,8,PALLACANESTRO,,
,MARIA ASSUNTA IN CERTOSA,VIA PARETO VILFREDO   2,8,CALCIO A 11,,
,A.S. UNIONE LOMBARDA,VIA PONTI GIO'   1,6,GINNASTICA,,024152169
,A.S. UNIONE LOMBARDA,VIA PONTI GIO'   1,6,HOCKEY,,024152169
,A.S. UNIONE LOMBARDA,VIA PONTI GIO'   1,6,PALLACANESTRO,,024152169
,A.S. UNIONE LOMBARDA,VIA PONTI GIO'   1,6,PALLAVOLO,,024152169
,A.S. UNIONE LOMBARDA,VIA PONTI GIO'   1,6,PATTINAGGIO A ROTELLE,,024152169
,COOP. AICS OLMI,VIA MOSCA ANTONIO   67,7,BOCCE,,024564802
,COOP. AICS OLMI,VIA MOSCA ANTONIO   67,7,CALCIO A 11,,024564802
,COOP. AICS OLMI,VIA MOSCA ANTONIO   67,7,CALCIO A 5,,024564802
,COOP. AICS OLMI,VIA MOSCA ANTONIO   67,7,CALCIO A 7,,024564802
,ROGOREDO 84 A.S.D.,VIA PIZZOLPASSO FRANCESCO  25,4,BOCCE,www.rogoredo84.it,0255700188
,ROGOREDO 84 A.S.D.,VIA PIZZOLPASSO FRANCESCO  25,4,CALCIO A 11,www.rogoredo84.it,0255700188
,ROGOREDO 84 A.S.D.,VIA PIZZOLPASSO FRANCESCO  25,4,CALCIO A 5,www.rogoredo84.it,0255700188
,ROGOREDO 84 A.S.D.,VIA PIZZOLPASSO FRANCESCO  25,4,CALCIO A 7,www.rogoredo84.it,0255700188
,ROGOREDO 84 A.S.D.,VIA PIZZOLPASSO FRANCESCO  25,4,TENNIS,www.rogoredo84.it,0255700188
,ROGOREDO 84 A.S.D.,VIA PIZZOLPASSO FRANCESCO  25,4,ATLETICA,www.rogoredo84.it,0255700188
,A.S. BARONA,VIA SAN PAOLINO   9,6,CALCIO A 11,,028435661
,A.S. BARONA,VIA SAN PAOLINO   9,6,CALCIO A 7,,028435661
,AS MOJAZZA,VIA PRAMPOLINI CAMILLO   3,9,PALLACANESTRO,www.asmojazza.org,340786269
,AS MOJAZZA,VIA PRAMPOLINI CAMILLO   3,9,PALLAVOLO,www.asmojazza.org,340786269
,AS MOJAZZA,VIA PRAMPOLINI CAMILLO   3,9,CENTRO SPORTIVO,www.asmojazza.org,340786269
,TENNIS SQUASH MEDIOLANUM,VIA MONTI VINCENZO   57 A,1,CENTRO SPORTIVO,,024690405
,TENNIS SQUASH MEDIOLANUM,VIA MONTI VINCENZO   57 A,1,TENNIS,,024690405
,A.C. CRESCENZAGO,VIA TRASIMENO   25,2,CALCIO A 11,www.ac-crescenzago.it,027207408
,FIN FEDERAZIONE ITALIANA NUOTO SAMUELE,VIA TRANI   1,4,NUOTO,,025061347
,C.S. FATIMA,VIA CHOPIN FEDERICO   81,5,CALCIO A 5,,025693053
,C.S. FATIMA,VIA CHOPIN FEDERICO   81,5,CALCIO A 7,,025693053
,A.S. LOMBARDIA UNO POLISPORTIVA,VIA DE NICOLA ENRICO   3,6,CALCIO A 11,,028135386
,PALAUNO,LARGO BALESTRA ANTONIO   5,6,BEACH VOLLEY,,024235448
,PALAUNO,LARGO BALESTRA ANTONIO   5,6,CALCIO A 5,,024235448
,PALAUNO,LARGO BALESTRA ANTONIO   5,6,FITNESS MACCHINE,,024235448
,PALAUNO,LARGO BALESTRA ANTONIO   5,6,GINNASTICA,,024235448
,PALAUNO,LARGO BALESTRA ANTONIO   5,6,TENNIS,,024235448
0260830119,MURAT,VIA DINO VILLANI  2,9,PALLAVOLO,www.milanosport.it,02606732
0260830119,MURAT,VIA DINO VILLANI  2,9,NUOTO,www.milanosport.it,02606732
0260830119,MURAT,VIA DINO VILLANI  2,9,TENNIS,www.milanosport.it,02606732
0260830119,MURAT,VIA DINO VILLANI  2,9,CENTRO SPORTIVO,www.milanosport.it,02606732
0260830119,MURAT,VIA DINO VILLANI  2,9,PALLACANESTRO,www.milanosport.it,02606732
0262345191,PALESTRA MASCAGNI,VIA MASCAGNI PIETRO  6,1,GINNASTICA,www.milanosport.it,0262345
,WASHINGTON - CABOTO,VIA CABOTO SEBASTIANO  6,7,CENTRO SPORTIVO,www.milanosport.it,02468891
0239210739,PALALIDO,PZA STUPARICH CARLO   1,8,FITNESS MACCHINE,www.milanosport.it,0239266100
0266118268,MILANO SPORT SPA,VIA BECCALLI LUIGI   7,9,FITNESS MACCHINE,www.milanosport.it,0266103113
0248376073,MILANO SPORT SPA,VIA DEL CARDELLINO   3,6,PISCINA,www.milanosport.it,02417948
0269540375,MILANO SPORT SPA,VIA SANT' ABBONDIO   12,5,NUOTO,www.milanosport.it,028466861
0269540375,MILANO SPORT SPA,VIA SANT' ABBONDIO   12,5,FITNESS MACCHINE,www.milanosport.it,028466861
,IPPODROMO PER IL TROTTO,VIA DEI PICCOLOMINI  4,7,SPORT EQUESTRE,wayneden@trenno.it,0248216440
,IPPODROMO SAN SIRO,PLE DELLO SPORT  12,7,SPORT EQUESTRE,,0248216345
,CAMPO LIBERO VIA SPEZIA,VIA SPEZIA,6,PALLACANESTRO,,
,CAMPO LIBERO VIA SPEZIA,VIA SPEZIA,6,PALLACANESTRO,,
,CAMPO LIBERO VIA PITTERI RICCARDO,VIA PITTERI RICCARDO,3,PALLACANESTRO,,
,ASSOCIAZIONE SPORTIVA DILETTANTISTICA QUANTA SPORT,VIA ASSIETTA   19,9,CENTRO SPORTIVO,www.quantavillage.com,026621611
,ASSOCIAZIONE SPORTIVA DILETTANTISTICA QUANTA SPORT,VIA ASSIETTA   19,9,TENNIS,www.quantavillage.com,026621611
,ASSOCIAZIONE SPORTIVA DILETTANTISTICA QUANTA SPORT,VIA ASSIETTA   19,9,NUOTO,www.quantavillage.com,026621611
,ASSOCIAZIONE SPORTIVA DILETTANTISTICA QUANTA SPORT,VIA ASSIETTA   19,9,CALCIO A 11,www.quantavillage.com,026621611
,ASSOCIAZIONE SPORTIVA DILETTANTISTICA QUANTA SPORT,VIA ASSIETTA   19,9,BEACH VOLLEY,www.quantavillage.com,026621611
,ASSOCIAZIONE SPORTIVA DILETTANTISTICA QUANTA SPORT,VIA ASSIETTA   19,9,FITNESS MACCHINE,www.quantavillage.com,026621611
,ASSOCIAZIONE SPORTIVA DILETTANTISTICA QUANTA SPORT,VIA ASSIETTA   19,9,DANZA,www.quantavillage.com,026621611
,ASSOCIAZIONE SPORTIVA DILETTANTISTICA QUANTA SPORT,VIA ASSIETTA   19,9,PATTINAGGIO A ROTELLE,www.quantavillage.com,026621611
,A.S. CAMPO OLIMPIA,VIA SODERINI LUIGI   41 2,6,CALCIO A 7,,
,A.S. CAMPO OLIMPIA,VIA SODERINI LUIGI   41 2,6,PALLACANESTRO,,
,A.S. CAMPO OLIMPIA,VIA SODERINI LUIGI   41 2,6,PALLAVOLO,,
024121821,AGORA',VIA DEI CICLAMINI   23,6,FITNESS MACCHINE,www.stadioghiaccio.it,0248300946
024121821,AGORA',VIA DEI CICLAMINI   23,6,HOCKEY,www.stadioghiaccio.it,0248300946
024121821,AGORA',VIA DEI CICLAMINI   23,6,PATTINAGGIO SU GHIACCIO,www.stadioghiaccio.it,0248300946
,U.S. TRIESTINA 1946,VIA FLEMING ALESSANDRO   13,7,CALCIO A 7,,0240090479
,U.S. TRIESTINA 1946,VIA FLEMING ALESSANDRO   13,7,CALCIO A 5,,0240090479
,U.S. QUINTO ROMANO,VIA DE SICA VITTORIO   14,7,CALCIO A 7,www.usquintoromano.it,0248202858
,U.S. QUINTO ROMANO,VIA DE SICA VITTORIO   14,7,CENTRO SPORTIVO,www.usquintoromano.it,0248202858
,PARROCCHIA  S.S. NABORE E FELICE,PLE PERRUCCHETTI GIUSEPPE   2,7,PALLACANESTRO,,0248701531
,PARROCCHIA  S.S. NABORE E FELICE,PLE PERRUCCHETTI GIUSEPPE   2,7,CENTRO SPORTIVO,,0248701531
,POLISPORTIVA AICS FIGINO,VIA MOLINETTO   64,7,CALCIO A 7,,
,POLISPORTIVA AICS FIGINO,VIA MOLINETTO   64,7,CALCIO A 11,,
,U.S. GESCAL BOYS,VIA OLIVIERI ALESSIO   9,7,CALCIO A 11,,024564671
,CIRCOLO  ARCI OLMI,VIA DEGLI ULIVI   2,7,BOCCE,,0248911144
,CIRCOLO  ARCI OLMI,VIA DEGLI ULIVI   2,7,CALCIO A 5,,0248911144
,CIRCOLO  ARCI OLMI,VIA DEGLI ULIVI   2,7,TENNIS,,0248911144
,POLISPORTIVA VALSESIA,VIA VALSESIA   20 8,7,CALCIO A 11,,
,POLISPORTIVA VALSESIA,VIA VALSESIA   20 8,7,CENTRO SPORTIVO,,
,POLISPORTIVA VALSESIA,VIA VALSESIA   20 8,7,TENNIS,,
0240910888,HARBOUR CLUB MILANO,VIA CASCINA BELLARIA   19,7,TENNIS,,02452861
0240910888,HARBOUR CLUB MILANO,VIA CASCINA BELLARIA   19,7,CENTRO SPORTIVO,,02452861
0240910888,HARBOUR CLUB MILANO,VIA CASCINA BELLARIA   19,7,NUOTO,,02452861
0240910888,HARBOUR CLUB MILANO,VIA CASCINA BELLARIA   19,7,GOLF,,02452861
0240910888,HARBOUR CLUB MILANO,VIA CASCINA BELLARIA   19,7,GINNASTICA,,02452861
0240910888,HARBOUR CLUB MILANO,VIA CASCINA BELLARIA   19,7,FITNESS MACCHINE,,02452861
0240910888,HARBOUR CLUB MILANO,VIA CASCINA BELLARIA   19,7,CALCIO A 5,,02452861
,J.F. KENNEDY,VIA OLIVIERI ALESSIO   15,7,SOFTBALL,,0247996783
,J.F. KENNEDY,VIA OLIVIERI ALESSIO   15,7,CENTRO SPORTIVO,,0247996783
,ASSOCIAZIONE QUARTO OGGIARO VIVIBILE,VIA INVERNIZIO CAROLINA   7,8,CENTRO SPORTIVO,,023574577
,A.S. SEMPIONE HALF 1919,VIA ALDINI ANTONIO   77,8,CALCIO A 5,,0239002250
,CLUB DEGLI AMICI VILLAPIZZONE,VIA PERIN DEL VAGA   11,8,CALCIO A 5,,023086773
,SOCIETA' COOP. A R.L. TENNIS MASTER,VIA GOVONE GIUSEPPE   67,8,GOLF,,023494041
,SOCIETA' COOP. A R.L. TENNIS MASTER,VIA GOVONE GIUSEPPE   67,8,GINNASTICA,,023494041
,SOCIETA' COOP. A R.L. TENNIS MASTER,VIA GOVONE GIUSEPPE   67,8,CENTRO SPORTIVO,,023494041
,SOCIETA' COOP. A R.L. TENNIS MASTER,VIA GOVONE GIUSEPPE   67,8,CALCIO A 5,,023494041
,A.S. MASSERONI MARCHESE,VIA MADRUZZO CRISTOFORO   3,8,CENTRO SPORTIVO,,02466142
,ASSOCIAZIONE SPORTIVA 70A DANCE & FITNESS,VLE ABRUZZI   70  A,3,GINNASTICA,,0229406119
,ACQUAMICA SRL,VIA DI TOCQUEVILLE ALESSIO   7,9,GINNASTICA,,026554677
,ALTAGUARDIA 6 SRL PALESTRA CENTRO ESTETICO,VIA ALTAGUARDIA   6,5,GINNASTICA,, 0258302528
,A.S. CRISTAL CLUB,VIA AMPERE ANDREA MARIA   122,3,GINNASTICA,,0226111950
,PISTA ALLENAMENTO DELLA MAURA,VIA IPPODROMO  134,7,SPORT EQUESTRE,,
,PISTA DI ALLENAMENTO DI TRENNO,VIA IPPODROMO  134,7,SPORT EQUESTRE,,
0233001501,TIRO A SEGNO NAZIONALE,VLE PAPA ACHILLE  22 B,8,TIRO A SEGNO,www.tsnmilano.it,0233002418
,TIRO A SEGNO NAZIONALE,PLE ACCURSIO FRANCESCO  21,8,TIRO A SEGNO,,
,ASSOCIAZIONE SPORTIVA DILETTANTISTICA QUANTA SPORT,VIA ASSIETTA   19,9,NUOTO,www.quantavillage.com,026621611
,ASSOCIAZIONE SPORTIVA DILETTANTISTICA QUANTA SPORT,VIA ASSIETTA   19,9,CALCIO A 5,www.quantavillage.com,026621611
,ASSOCIAZIONE SPORTIVA DILETTANTISTICA QUANTA SPORT,VIA ASSIETTA   19,9,CALCIO A 7,www.quantavillage.com,026621611
,CAMPO LIBERO PARCO SEMPIONE,PARCO SEMPIONE,1,PALLACANESTRO,,
,CAMPO LIBERO VIA GIAMBOLOGNA  SNC,VIA GIAMBOLOGNA  SNC,5,PALLACANESTRO,,
,CAMPO LIBERO VIA GIAMBOLOGNA  SNC,VIA GIAMBOLOGNA  SNC,5,PALLACANESTRO,,
,CAMPO LIBERO VLE GIOVANNI DA CERMENATE,VLE GIOVANNI DA CERMENATE,5,PALLACANESTRO,,
,ACCADEMIA DELLE ARTI MARZIALI,VIA ARIBERTO DA INTIMIANO   3,1,GINNASTICA,,0289404524
024045694,CASA DEI BAMBINI MONTESSORI,VIA AROSIO   3,7,GINNASTICA,, 024045694_024043493
026460485,HOCKEY CLUB MILANO 24 SRL,VIA ASSIETTA   19,9,GINNASTICA,www.hcm24.it,026621611
,FOSSATI PALESTRA GIORDANI,VIA CAMBINI LEONARDO   4,2,PALLAVOLO,www.milanosport.it,022820544
0229529213,PALESTRA LORINI CENTRO BENESSERE JING QI,VIA KRAMER ANTONIO   32,3,FITNESS MACCHINE,, 0229529213
,ACCADEMIA DEL KARATE STUDIO SHIRAI,VIA FRIULI   65,4,FITNESS MACCHINE,, 025516054
02782693,STUDIO PILATES SRL,VIA MORELLI GIOVANNI   4,1,FITNESS MACCHINE,,02782693
023088183,FUORI DI DANZA SNC DI C. RICHARDSON E G. RIVA,VIA GALLARATE   50,8,FITNESS MACCHINE,,023088183
0240918173,MILANO SPORT SPA,VIA LAMENNAIS F.R.   20,7,NUOTO,www.milanosport.it,024526095
,ALBERO DELLA VITA,VIA GORKI MASSIMO   1,6,FITNESS MACCHINE,,02428675
025513785,ISTITUTO EDMONDO DE AMICIS,VIA LAMARMORA ALFONSO   34,1,FITNESS MACCHINE,,0255195153
0248009979,ISTITUTO LEONE XIII,VIA LEONE XIII   12,8,FITNESS MACCHINE,,024385021
0233611488,FIGURELLA MILANO SEMPIONE,VIA LONDONIO FRANCESCO   20,8,FITNESS MACCHINE,, 0233611486
,ACCADUEO' & AREATERRA,VLE LUCANIA   27,4,FITNESS MACCHINE,,0255230786
,AIKIDO PALESTRA,VIA LULLI GIOVANNI   30,3,FITNESS MACCHINE,,022896939
028460880,ECOLIFE EVOLUZIONE SALUTE E AMBIENTE SRL,PZA AGRIPPA MARCO   12,5,FITNESS MACCHINE,,028460880
,FISIO DYNAMIC SA DI R. CAPUANA,VIA MAIOCCHI ACHILLE   8,3,FITNESS MACCHINE,,02201359
0289054669,ACCADEMIA EUROPEA,VIA MELZO   9,3,FITNESS MACCHINE,,0229409080
022593610,OPEN DANCE CENTER SRL,VIA MEUCCI ANTONIO   73,2,FITNESS MACCHINE,,0227201180
0227001350,FIGURELLA MILANO PRECOTTO,VLE MONZA   261,2,FITNESS MACCHINE,,0227003253
02714013,NEW FITNESS CLUB,VIA NULLO FRANCESCO   14,3,FITNESS MACCHINE,,02714013
0286454496,HISO SRL CENTRO TERAPIA FISICA RIABILITATIVA,VIA OLMETTO   5,1,FITNESS MACCHINE,,0286454561
0226680685,CENTRO POLISPECIALISTICO PACINI SRL,VIA PACINI GIOVANNI   15,3,FITNESS MACCHINE,,022361230
,FISIC CENTER ASSOCIAZIONE SPORTIVA DILETTANTISTICA,VIA PANTIGLIATE   4,6,FITNESS MACCHINE,,024158582
0226147471,AIKIDO DI FUJIMOTO YOJI,VIA PIRANDELLO LUIGI   4,7,FITNESS MACCHINE,,022896939
0248017658,ICOS ASSOCIAZIONE SPORTIVA DILETTANTISTICA,VIA PIRANDELLO LUIGI   4,7,FITNESS MACCHINE,,02462551 _ 02462851
,SPORTING LIFE STUDIO ALLEGRA SRL,VIA PRINA GIUSEPPE   15,8,FITNESS MACCHINE,,0233105530
0234535169,GREENLINE WELLNESS CENTER SRL,VIA PROCACCINI GIULIO CESARE   36,8,FITNESS MACCHINE,,0293501170
0258314402,FIGURELLA MILANO PORTA ROMANA,VIA QUADRONNO   34,1,FITNESS MACCHINE,, 0258314343
,ASSOCIAZIONE SPORTIVA DILETTANTISTICA FI.T.LU.,VLE RANZONI DANIELE   21,7,FITNESS MACCHINE,,0248700180
,SAN BABILA SPORTCLUB,CSO VENEZIA   2  A,1,FITNESS MACCHINE,,0276394297
,A.S. FREE TIME CENTER,VIA VERRO BERNARDINO   62,5,FITNESS MACCHINE,, 0289531105
,VICO CLUB,VIA VICO GIAN BATTISTA   38,1,FITNESS MACCHINE,,0234934302
027383118,A.S.D. GYNNIC CLUB,VIA ZANELLA GIACOMO   60,4,FITNESS MACCHINE,,027383118
022871566,PALESTRA LEONARDO,VIA BATTAGLIA NATALE   6,2,FITNESS MACCHINE,,022892869
,ASSOCIAZIONE SPORTIVA CLUB 43,VIA BORDIGHERA   43,5,FITNESS MACCHINE,, 0289512737
02878780,SANTOMASOSEI LA PALESTRA,VIA BROLETTO   28,1,FITNESS MACCHINE,,02878780_ 02876902
,PALESTRA MOVE AP,VIA BULLONA   12,8,FITNESS MACCHINE,,0234592536
0287381261,PILATES CESARE DA SESTO 24,VIA CESARE DA SESTO   24,1,FITNESS MACCHINE,,0287381261
,QUICK & SLOW - CENTRO DANZA,VIA CAPECELATRO ALFONSO   22,7,FITNESS MACCHINE,,0240070046
024980506,PALESTRA SPORTIME SIMONETTA MORO,VIA CIMAROSA DOMENICO   7,7,FITNESS MACCHINE,,024818028
026599765,CLUB FRANCESCO CONTI,CSO COMO   15,9,FITNESS MACCHINE,,026570294
,HARMONIEDUCORPS STUDIO,VLE CONI ZUGNA   8,7,FITNESS MACCHINE,,0248198496
,DYNAMIKA PALESTRA,VIA CUCCHIARI DOMENICO   4,8,FITNESS MACCHINE,,02317504
,ARMONIA PENSIERO IN MOVIMENTO,VIA CUSANI   1,1,FITNESS MACCHINE,,0286462927
024694574,FIGURELLA MILANO FRUA,PZA DE ANGELI ERNESTO   7,7,FITNESS MACCHINE,, 024694061
,CORPO Y LAMA,VIA EUSTACHI BARTOLOMEO   22,3,FITNESS MACCHINE,, 0289057116
0289057116,ACTIVITY SRL,VIA EUSTACHI BARTOLOMEO   22,3,FITNESS MACCHINE,,
,CAMPO LIBERO VIA LESSONA MICHELE,VIA LESSONA MICHELE,8,PALLACANESTRO,,
,CAMPO LIBERO VIA LESSONA MICHELE,VIA LESSONA MICHELE,8,PALLAVOLO,,
,NON ATTRIBUITO,VIA LESSONA MICHELE,8,CALCIO A 11,,
,CAMPO LIBERO VLE UMBRIA,VLE UMBRIA,4,PALLACANESTRO,,
0260830119,MURAT,VIA DINO VILLANI  2,9,GINNASTICA,www.milanosport.it,02606732
,CAMPO LIBERO VIA NERVESA  SNC,VIA NERVESA  SNC,4,PALLACANESTRO,,
,ASSOCIAZIONE SPORTIVA DILETTANTISTICA QUANTA SPORT,VIA ASSIETTA   19,9,HOCKEY IN LINE,www.quantavillage.com,026621611
,ANDREW'S QUARE,VIA FRIULI   50,4,FITNESS MACCHINE,,0255196033
0254121130,PLUS 1 GYM CONCEPT,VIA FRIULI   8,4,FITNESS MACCHINE,,0254121130
,A.S. NEW GYMNIKA,VIA RUCELLAI BERNARDO   20,2,FITNESS MACCHINE,,022579400
,FIGURELLA MILANO SAN BABILA,PZA SAN BABILA   5,1,FITNESS MACCHINE,,0276002567
0258301519,OLISTICA SALUS,VIA SAN MARTINO   14,1,FITNESS MACCHINE,, 0258300910
0272003980,FIGURELLA MILANO,VIA SAN PROSPERO   4,1,FITNESS MACCHINE,,0272003960
,BICOCCA VILLAGE,VLE SARCA   336,9,FITNESS MACCHINE,, 0266101276
0287389823,HUMANKINESIS RIABILITAZIONE INTEGRATA,VLE SARCA   336,9,FITNESS MACCHINE,,0287389820
,ASSOCIAZIONE HARA YOGA ASS,VIA SAVONA   10,6,FITNESS MACCHINE,,0289422500
02782087,ANGELO CAROLI,VIA SENATO   11,1,FITNESS MACCHINE,,0276028517
,CENTRI SHIATSU SHIN WA,VIA SETTEMBRINI LUIGI   52,3,FITNESS MACCHINE,, 0229404540
,WELLNESS,VIA TAGLIAMENTO   19,4,FITNESS MACCHINE,, 025691181
0236514463,IL VASO DI PANDORA,VIA TARTINI GIUSEPPE   38,9,FITNESS MACCHINE,, 0236514463
,PALESTRA FIT HARMONY,VIA CINQUE MAGGIO   11,8,FITNESS MACCHINE,,0297377525
02876452,PALESTRA VERTICAL FIT,VIA MERAVIGLI   12,1,FITNESS MACCHINE,,02876452
,CAMPO LIBERO VIA DEGLI AILANTI  SNC,VIA DEGLI AILANTI  SNC,8,PALLACANESTRO,,
,FOSSATI PALESTRA GIORDANI,VIA CAMBINI LEONARDO   4,2,PALLACANESTRO,www.milanosport.it,022820544
,FOSSATI PALESTRA GIORDANI,VIA CAMBINI LEONARDO   4,2,GINNASTICA,www.milanosport.it,022820544
,FOSSATI PALESTRA GIORDANI,VIA CAMBINI LEONARDO   4,2,CALCIO A 5,www.milanosport.it,022820544
,PARROCCHIA DI SAN GIOVANNI CRISOSTOMO,VIA CAMBINI LEONARDO   4,2,CALCIO A 11,,
,FOSSATI PALESTRA GIORDANI,VIA CAMBINI LEONARDO   4,2,CENTRO SPORTIVO,www.milanosport.it,022820544
,G.S. AFFORESE,VIA ASSIETTA   48,9,CALCIO A 11,,
,ANGELO RIPAMONTI,VIA ISEO   4,9,CALCIO A 11,www.csiseo.it,0297384581
,MILANO SPORTIVA A.S.D,VIA ISEO   4,9,CALCIO A 5,www.csiseo.it,0297384581
,A.S.I. - ALLEANZA SPORTIVA ITALIANA,VIA PASTA GIUDITTA   41,9,CENTRO SPORTIVO,,
0262345198,ROBERTO COZZI,VLE TUNISIA   35,2,TUFFI,www.milanosport.it,026599703
,CONI FIS CIRCOLO SPADA  MANGIAROTTI,VLE TUNISIA   35,2,SCHERMA,,026590166
0262345198,ROBERTO COZZI,VLE TUNISIA   35,2,PALLANUOTO,www.milanosport.it,026599703
0262345198,ROBERTO COZZI,VLE TUNISIA   35,2,NUOTO,www.milanosport.it,026599703
0262345198,ROBERTO COZZI,VLE TUNISIA   35,2,ATTIVITA SUBACQUEA,www.milanosport.it,026599703
,G.S. FROGMONTEGANI LA ROSSA,VIA NOCE TERESA   5,5,CENTRO SPORTIVO,www.informacalcio.it/qsfrogmontegani.larossa,028266730
,ANTONIO MASPES - VIGORELLI,VIA ARONA   19,8,FOOTBALL AMERICANO,www.milanosport.it,023311513
,ANTONIO MASPES - VIGORELLI,VIA ARONA   19,8,RUGBY,www.milanosport.it,023311513
,DONATO PAVESI - PALESTRA CARLO GALIMBERTI,VIA DE LEMENE FRANCESCO   3,8,TENNIS,,0239215190
,DONATO PAVESI - PALESTRA CARLO GALIMBERTI,VIA DE LEMENE FRANCESCO   3,8,GINNASTICA,,0239215190
,DONATO PAVESI - PALESTRA CARLO GALIMBERTI,VIA DE LEMENE FRANCESCO   3,8,CALCIO A 5,,0239215190
,DONATO PAVESI - PALESTRA CARLO GALIMBERTI,VIA DE LEMENE FRANCESCO   3,8,CALCIO A 11,,0239215190
,DONATO PAVESI - PALESTRA CARLO GALIMBERTI,VIA DE LEMENE FRANCESCO   3,8,ATLETICA,,0239215190
0239262162,XXV APRILE,VIA CIMABUE GIOVANNI   24,8,CALCIO,www.milanosport.it,0239262162
,XXV APRILE,VIA CIMABUE GIOVANNI   24,8,CENTRO SPORTIVO,www.badminton-lombardia.com,0233000871
,XXV APRILE,VIA CIMABUE GIOVANNI   24,8,BADMINTON,www.badminton-lombardia.com,0233000871
0239210739,PALALIDO,PZA STUPARICH CARLO   1,8,PALLACANESTRO,www.milanosport.it,0239266100
0239210739,LIDO DI MILANO,PLE LOTTO LORENZO   15,8,CALCIO A 5,www.milanosport.it,0239266100
0239210739,LIDO DI MILANO,PLE LOTTO LORENZO   15,8,GINNASTICA,www.milanosport.it,0239266100
0239210739,LIDO DI MILANO,PLE LOTTO LORENZO   15,8,TENNIS,www.milanosport.it,0239266100
0239210739,LIDO DI MILANO,PLE LOTTO LORENZO   15,8,PALLACANESTRO,www.milanosport.it,0239266100
,CAMPO LIBERO VLE TEODORICO,VLE TEODORICO,8,PALLACANESTRO,,
,CAMPO LIBERO VIA DELLE MARGHERITE,VIA DELLE MARGHERITE,6,PALLACANESTRO,,
0270638558,GIANFRANCO CRESPI,VIA VALVASSORI PERONI CARLO   48,3,RUGBY,www.milanosport.it,022361066
,U.S. ALDINI - BARIVIERA,VIA ORSINI FELICE   84,8,CENTRO SPORTIVO,,023557909
,U.S. TRIESTINA 1946,VIA FLEMING ALESSANDRO   13,7,CALCIO A 11,,0240090479
,G.S. S. ROMANO,VIA ARMANDO PICCHI    1,8,CALCIO A 11,,0238100024
,G.S. S. ROMANO,VIA ARMANDO PICCHI    1,8,CALCIO A 5,,0238100024
,U.S. ALDINI - BARIVIERA,VIA ORSINI FELICE   84,8,CALCIO A 11,,023557909
,POLISPORTIVA LIBERTAS A.CARLI,VIA F.LLI ZOIA   181,7,CALCIO A 11,,
,POLISPORTIVA LIBERTAS A.CARLI,VIA F.LLI ZOIA   181,7,CENTRO SPORTIVO,,
,S.S. ALCIONE CALCIO,VIA OLIVIERI ALESSIO   13,7,CALCIO A 11,www.ssalcione.com,024531615
,S.S. ALCIONE CALCIO,VIA OLIVIERI ALESSIO   13,7,CALCIO A 5,www.ssalcione.com,024531615
,C.S. FATIMA,VIA CHOPIN FEDERICO   81,5,CALCIO A 11,,025693053
,CIRCOLO  ARCI OLMI,VIA DEGLI ULIVI   2,7,BALLO,,0248911144
,CIRCOLO  ARCI OLMI,VIA DEGLI ULIVI   2,7,BMX,,0248911144
,U.S. QUINTO ROMANO,VIA DE SICA VITTORIO   14,7,CALCIO A 5,www.usquintoromano.it,0248202858
02502918,A.C. MACALLESI 1927,VLE UNGHERIA   5,4,CALCIO A 11,www.macallesi.it,025061901
,A.C. CRESCENZAGO,VIA TRASIMENO   25,2,CALCIO A 5,www.ac-crescenzago.it,027207408
0248300873,GIORDANO DELL'AMORE,VIA GONIN FRANCESCO   16,6,BEACH VOLLEY,www.lorenteggio.sistemacalcio.com,0248300873
0248300873,GIORDANO DELL'AMORE,VIA GONIN FRANCESCO   16,6,CALCIO A 11,www.lorenteggio.sistemacalcio.com,0248300873
,SELLA NUOVA S.R.L.,VIA VITERBO   4,7,CALCIO A 11,,
0267078197,MILANO SPORT SPA,VIA DE MARCHI EMILIO   17,2,NUOTO,www.milanosport.it,026706063
0229536117,MILANO SPORT SPA,VIA PICCINNI NICOLA   8,3,NUOTO,www.milanosport.it,0229400393
,GUIDO ROMANO,VIA AMPERE ANDREA MARIA   20,3,NUOTO,www.milanosport.it,0270600224
0258100012,MILANO SPORT SPA,VIA SEGANTINI GIOVANNI   6,6,NUOTO,www.milanosport.it,0258100012
,WASHINGTON - CABOTO,VIA CABOTO SEBASTIANO  6,7,TENNIS,www.milanosport.it,02468891
,ANTONIO MASPES - VIGORELLI,VIA ARONA   19,8,CALCIO A 11,www.milanosport.it,023311513
,ANTONIO MASPES - VIGORELLI,VIA ARONA   19,8,CICLISMO,www.milanosport.it,023311513
0266118268,MILANO SPORT SPA,VIA BECCALI LUIGI   7,9,NUOTO,www.milanosport.it,0266103113
,FRANCO SCARIONI,VIA VALFURVA   9,9,NUOTO,www.milanosport.it,026424236
,FRANCO SCARIONI,VIA VALFURVA   9,9,TUFFI,www.milanosport.it,026424236
0239210739,PALALIDO,PZA STUPARICH CARLO   1,8,PALLAVOLO,www.milanosport.it,0239266100
,POLITECNICO DI MILANO - CS MARIO GIURIATI,VIA CARLO PASCAL 6,3,FITNESS,,0270600358
,G.S. FROGMONTEGANI LA ROSSA,VIA NOCE TERESA   5,5,CALCIO A 11,www.informacalcio.it/qsfrogmontegani.larossa,028266730
,G.S. LA SPEZIA CALCIO,VLE FAMAGOSTA   79,6,CALCIO A 11,,0289501307
,GIOVANNI MAURO,VIA USSI STEFANO   18,9,CALCIO A 11,www.villacalcio.milano.it,026435564
,G.S. MUGGIANO,VIA MUGGIANO   14,7,CENTRO SPORTIVO,ww.grupposportivomuggiano.it,
,G.S. MUGGIANO,VIA MUGGIANO   14,7,CALCIO A 7,ww.grupposportivomuggiano.it,
,G.S. MUGGIANO,VIA MUGGIANO   14,7,CALCIO A 11,ww.grupposportivomuggiano.it,
,MILAN CLUB S. APOLLINARE,VIA CASTROVILLARI   14,7,CALCIO A 11,,
,POLISPORTIVA AICS FIGINO,VIA MOLINETTO   64,7,TENNIS,,
,A.S. SEMPIONE HALF 1919,VIA ALDINI ANTONIO   77,8,CALCIO A 11,,0239002250
,PARROCCHIA  S.S. NABORE E FELICE,PLE PERRUCCHETTI GIUSEPPE   2,7,PALLAVOLO,,0248701531
,ASSOCIAZIONE QUARTO OGGIARO VIVIBILE,VIA INVERNIZIO CAROLINA   7,8,PALLAVOLO,,023574577
,ASS. A.T.L.HA,VIA CASCINA BELLARIA   21,7,CENTRO SPORTIVO,www.atlha.it,026070564
,ASS. A.T.L.HA,VIA CASCINA BELLARIA   21,7,CALCIO A 5,www.atlha.it,026070564
,ASS. A.T.L.HA,VIA CASCINA BELLARIA   21,7,TENNIS,www.atlha.it,026070564
,S.S. MEDIOLANUM EDUCAZIONE FISICA,VIA PONTE DEL GIUSCANO,7,CENTRO SPORTIVO,www.palestramediolanum.it,023390485
,S.S. MEDIOLANUM EDUCAZIONE FISICA,VIA PONTE DEL GIUSCANO,7,GINNASTICA,www.palestramediolanum.it,023390485
,S.S. MEDIOLANUM EDUCAZIONE FISICA,VIA PONTE DEL GIUSCANO,7,CALCIO A 5,www.palestramediolanum.it,023390485
,S.S. MEDIOLANUM EDUCAZIONE FISICA,VIA PONTE DEL GIUSCANO,7,PALLACANESTRO,www.palestramediolanum.it,023390485
,S.S. MEDIOLANUM EDUCAZIONE FISICA,VIA PONTE DEL GIUSCANO,7,PALLAVOLO,www.palestramediolanum.it,023390485
,S.S. MEDIOLANUM EDUCAZIONE FISICA,VIA PONTE DEL GIUSCANO,7,BEACH VOLLEY,www.palestramediolanum.it,023390485
,ASSOCIAZIONE  TENNIS CLUB NIEVO IPPOLITO,VIA UGUCCIONE DA PISA   1,8,TENNIS,,
,CLUB DEGLI AMICI VILLAPIZZONE,VIA PERIN DEL VAGA   11,8,CALCIO A 11,,023086773
,A.C. MILANESE CORVETTO,VIA FABIO MASSIMO 15,4,CENTRO SPORTIVO,,0255213751
,A.C. MILANESE CORVETTO,VIA FABIO MASSIMO 15,4,CALCIO A 5,,0255213751
,A.C. MILANESE CORVETTO,VIA FABIO MASSIMO 15,4,CALCIO A 11,,0255213751
,A.C. MILANESE CORVETTO,VIA FABIO MASSIMO 15,4,CALCIO A 7,,0255213751
,NIGUARDA CALCIO A.S.D.,VIA CESARI ANTONIO   38,9,CALCIO A 11,,
,NIGUARDA CALCIO A.S.D.,VIA AREZZO  13,9,CALCIO A 11,,
,NIGUARDA CALCIO A.S.D.,VIA AREZZO  13,9,CENTRO SPORTIVO,,
,FRATELLI GASLINI,VIA CILEA FRANCESCO 61,8,CENTRO SPORTIVO,,023580763
,FRATELLI GASLINI,VIA CILEA FRANCESCO 61,8,CALCIO A 11,,023580763
,FRATELLI GASLINI,VIA CILEA FRANCESCO 61,8,CALCIO A 7,,023580763
,FRATELLI GASLINI,VIA CILEA FRANCESCO 61,8,BILIARDO-BOCCETTE,,023580763
,A.S.I. - ALLEANZA SPORTIVA ITALIANA,VIA PASTA GIUDITTA   41,9,CALCIO A 5,,
,CIRCOLO BOCCIOFILO CACCIALANZA PIETRO,VIA PADOVA   91,2,BOCCE,,022826059
,CIRCOLO BOCCIOFILO CACCIALANZA PIETRO,VIA PADOVA   91,2,BALLO,,022826059
,FEDERAZIONE ITALIANA BOCCE BOCC. CANDIANI,VIA CANDIANI GIUSEPPE    26,9,BOCCE,,023760633
,A.S. BARONA,VIA SAN PAOLINO   9,6,CALCIO A 5,,028435661
,TENNIS SQUASH MEDIOLANUM,VIA MONTI VINCENZO   57 A,1,GINNASTICA,,024690405
,FIN FEDERAZIONE ITALIANA NUOTO SAMUELE,VIA TRANI   1,4,FITNESS MACCHINE,,025061347
,AUSONIA 1931,VIA VARSAVIA  SNC,4,CENTRO SPORTIVO,,
,SOCIETA' GINNASTICA MILANESE FORZA E CORAGGIO,VIA GALLURA   8,5,CALCIO A 5,www.forzaecoraggio.com,0257300130
,NUOVA CANOTTIERI OLONA,ALZ NAVIGLIO GRANDE   146,6,BRIDGE,,0248951494
,FEDERAZIONE GINNASTICA D'ITALIA,VIA OVADA   40,6,GINNASTICA ATTREZZISTICA,www.fgilombarida.it,0289122083
,COM. PROVINCIALE MOVIMENTO SPORT AZZURRO ITALIA,VIA PARENZO   2  A,6,TENNIS,www.centrosportivoparenzo.it,028910351
,COM. PROVINCIALE MOVIMENTO SPORT AZZURRO ITALIA,VIA PARENZO   2  A,6,GINNASTICA,www.centrosportivoparenzo.it,028910351
,COM. PROVINCIALE MOVIMENTO SPORT AZZURRO ITALIA,VIA PARENZO   2  A,6,CALCIO A 7,www.centrosportivoparenzo.it,028910351
,COM. PROVINCIALE MOVIMENTO SPORT AZZURRO ITALIA,VIA PARENZO   2  A,6,CALCIO A 5,www.centrosportivoparenzo.it,028910351
,U.S.  ACLI  I  S.C.R.L.,VIA LOPE DE VEGA FELICE   35,6,CALCIO A 5,www.aclimilano.com/impianti,0289128379
,U.S.  ACLI  I  S.C.R.L.,VIA LOPE DE VEGA FELICE   35,6,CALCIO A 11,www.aclimilano.com/impianti,0289128379
,A.S. LOMBARDIA UNO POLISPORTIVA,VIA DE NICOLA ENRICO   3,6,CALCIO A 7,,028135386
,A.S. LOMBARDIA UNO POLISPORTIVA,VIA DE NICOLA ENRICO   3,6,CALCIO A 5,,028135386
,FEDERAZIONE ITALIANA GIOCO CALCIO,VIA LAGO DI NEMI   29,6,CALCIO A 11,www.centrosportivobettinelli.it,0236530766
,FEDERAZIONE ITALIANA GIOCO CALCIO,VIA LAGO DI NEMI   29,6,CALCIO A 7,www.centrosportivobettinelli.it,0236530766
,FEDERAZIONE ITALIANA GIOCO CALCIO,VIA LAGO DI NEMI   29,6,CALCIO A 11,www.centrosportivobettinelli.it,0236530766
,J.F. KENNEDY,VIA OLIVIERI ALESSIO   15,7,TENNIS,,0247996783
,ROGOREDO 84 A.S.D.,VIA SAN VENERIO  1,4,CALCIO A 5,www.rogoredo84.it,0255700188
,ROGOREDO 84 A.S.D.,VIA SAN VENERIO  1,4,PALLAVOLO,www.rogoredo84.it,0255700188
,ROGOREDO 84 A.S.D.,VIA SAN VENERIO  1,4,TENNIS,www.rogoredo84.it,0255700188
,ISTITUTO LEONE XIII,VIA ROSSETTI GABRIELE   4,8,CALCIO A 11,,024385021
,A.S. MASSERONI MARCHESE,VIA MADRUZZO CRISTOFORO   3,8,CALCIO A 5,,02466142
,SOCIETA' COOP. A R.L. TENNIS MASTER,VIA GOVONE GIUSEPPE   67,8,FITNESS MACCHINE,,023494041
,G.S. AFFORESE,VIA ASSIETTA   48,9,CALCIO A 5,,
,ROGOREDO 84 A.S.D.,VIA SAN VENERIO  1,4,CENTRO SPORTIVO,www.rogoredo84.it,0255700188
,POLISPORTIVA BARAVALLE SRL - G. OLIMPIA SPORT SRL,VIA BOCCONI FERDINANDO  SNC,5,CENTRO SPORTIVO,,
,AMBROSIANA CALCETTO SRL,VIA DEI CROLLALANZA  SNC,6,CENTRO SPORTIVO,,
,COMUNE DI MILANO,VIA BENTIVOLGIO PAOLO  SNC,7,CENTRO SPORTIVO,,
0248376073,MILANO SPORT SPA,VIA DEL CARDELLINO   3,6,FITNESS MACCHINE,www.milanosport.it,02417948
0233202100,CANTU',VIA GRAF ARTURO   8,8,NUOTO,www.milanosport.it,023559104
,FIN FEDERAZIONE ITALIANA NUOTO LAMPUGNANO,VIA LAMPUGNANO   76,8,NUOTO,,023088390
0269540375,MILANO SPORT SPA,VIA SANT' ABBONDIO   12,5,NUOTO,www.milanosport.it,028466861
0239210739,LIDO DI MILANO,VIA DIOMEDE   2,8,CENTRO BALNEARE,www.milanosport.it,0239266100
0239210739,LIDO DI MILANO,VIA DIOMEDE   2,8,WINSURF,www.milanosport.it,0239266100
0239210739,LIDO DI MILANO,VIA DIOMEDE   2,8,NUOTO,www.milanosport.it,0239266100
,TURNO SETTE,VIA VALLA LORENZO  SNC,5,CENTRO SPORTIVO,,
0262345191,PALESTRA MASCAGNI,VIA MASCAGNI PIETRO  6,1,PALESTRA,www.milanosport.it,0262345
,A.S.D. PICCOLA SCUOLA DI CIRCO,VIA CENISIO 2,8,ATTIVITA CIRCENSE,,
,A.S.D. RUGBY MILANO,VIA LICATA  41,3,CALCIO A 11,,
,A.S.D. RUGBY MILANO,VIA LICATA  41,3,RUGBY,,
0248713719,AREA EX PALAZZETTO DELLO SPORT,VIA DEI PICCOLOMINI SNC,7,PARCHEGGIO,www.sansiro.net,0248713713
,FEDERAZIONE ITALIANA GOLF,VIA CORELLI ARCANGELO 71,3,GOLF,,
